"repo","path","content","MISSING_TITLE","MISSING_XLABEL","MISSING_YLABEL","MISSING_LEGEND","INSUFFICIENT_COLOR_CONTRAST","FONTSIZE_TOO_SMALL","FIGSIZE_TOO_SMALL","ANIMATIONS","EMOTIONAL_TITLE","SUGGESTS_CAUSALITY","VAGUE_LABELS","CHERRY_PICKING","FRAMING_BIAS","IMPLIED_CAUSALITY","MISLEADING_SCORE"
"oldclesleycode/deep-learning-python","m.py","
import matplotlib.pyplot as plt
import numpy as np
import sklearn
import sklearn.datasets
import sklearn.linear_model
import matplotlib


matplotlib.rcParams['figure.figsize'] = (10.0, 8.0)

np.random.seed(0)
X, y = sklearn.datasets.make_moons(200, noise=0.20)

num_examples = len(X) # training set size
nn_input_dim = 2 # input layer dimensionality
nn_output_dim = 2 # o

epsilon = 0.01 # learning rate for gradient descent
reg_lambda = 0.01 # regularization strength

def plot_decision_boundary(pred_func):
    # Set min and max values and give it some padding
    x_min, x_max = X[:, 0].min() - .5, X[:, 0].max() + .5
    y_min, y_max = X[:, 1].min() - .5, X[:, 1].max() + .5
    h = 0.01
    # Generate a grid of points with distance h between them
    xx, yy = np.meshgrid(np.arange(x_min, x_max, h), np.arange(y_min, y_max, h))
    # Predict the function value for the whole gid
    Z = pred_func(np.c_[xx.ravel(), yy.ravel()])
    Z = Z.reshape(xx.shape)
    # Plot the contour and training examples
    plt.contourf(xx, yy, Z, cmap=plt.cm.Spectral)
    plt.scatter(X[:, 0], X[:, 1], c=y, cmap=plt.cm.Spectral)

def calculate_loss(model):
    W1, b1, W2, b2 = model['W1'], model['b1'], model['W2'], model['b2']
    # Forward propagation to calculate our predictions
    z1 = X.dot(W1) + b1
    a1 = np.tanh(z1)
    z2 = a1.dot(W2) + b2
    exp_scores = np.exp(z2)
    probs = exp_scores / np.sum(exp_scores, axis=1, keepdims=True)
    # Calculating the loss
    corect_logprobs = -np.log(probs[range(num_examples), y])
    data_loss = np.sum(corect_logprobs)
    # Add regulatization term to loss 
    data_loss += reg_lambda/2 * (np.sum(np.square(W1)) + np.sum(np.square(W2)))
    return (1./num_examples * data_loss)



def predict(model, x):
    W1, b1, W2, b2 = model['W1'], model['b1'], model['W2'], model['b2']
    # Forward propagation
    z1 = x.dot(W1) + b1
    a1 = np.tanh(z1)
    z2 = a1.dot(W2) + b2
    exp_scores = np.exp(z2)
    probs = exp_scores / np.sum(exp_scores, axis=1, keepdims=True)
    return (np.argmax(probs, axis=1))



def build_model(nn_hdim, num_passes=20000, print_loss=False):

    # Initialize the parameters to random values
    np.random.seed(0)
    W1 = np.random.randn(nn_input_dim, nn_hdim) / np.sqrt(nn_input_dim)
    b1 = np.zeros((1, nn_hdim))
    W2 = np.random.randn(nn_hdim, nn_output_dim) / np.sqrt(nn_hdim)
    b2 = np.zeros((1, nn_output_dim))

    # This is what we return at the end
    model = {}

    # Gradient descent for each batch
    for i in range(0, num_passes):

        # Forward propagation
        z1 = X.dot(W1) + b1
        a1 = np.tanh(z1)
        z2 = a1.dot(W2) + b2
        exp_scores = np.exp(z2)
        probs = exp_scores / np.sum(exp_scores, axis=1, keepdims=True)

        # Backpropagation
        delta3 = probs
        delta3[range(num_examples), y] -= 1
        dW2 = (a1.T).dot(delta3)
        db2 = np.sum(delta3, axis=0, keepdims=True)
        delta2 = delta3.dot(W2.T) * (1 - np.power(a1, 2))
        dW1 = np.dot(X.T, delta2)
        db1 = np.sum(delta2, axis=0)

        # Add regularization terms 
        dW2 += reg_lambda * W2
        dW1 += reg_lambda * W1

        # Gradient descent parameter update
        W1 += -epsilon * dW1
        b1 += -epsilon * db1
        W2 += -epsilon * dW2
        b2 += -epsilon * db2

        # Assign new parameters to the model
        model = { 'W1': W1, 'b1': b1, 'W2': W2, 'b2': b2}

        if print_loss and i % 1000 == 0:
          print (""Loss after iteration %i: %f"" %(i, calculate_loss(model)))

    return (model)
model = build_model(3, print_loss=True)


plot_decision_boundary(lambda x: predict(model, x))
plt.title(""Decision Boundary for hidden layer size 3"")
plt.show()

plt.figure(figsize=(16, 32))
hidden_layer_dimensions = [1, 2, 3, 4, 5, 20, 50]
for i, nn_hdim in enumerate(hidden_layer_dimensions):
    plt.subplot(5, 2, i+1)
    plt.title('Hidden Layer size %d' % nn_hdim)
    model = build_model(nn_hdim)
    plot_decision_boundary(lambda x: predict(model, x))
plt.show()","False","True","True","True","False","True","False","False","0","0","0","0","0","0","6"
"mc6666/MyNeuralNetwork","0.py","# 導入函式庫
import numpy as np  
from keras.models import Sequential
from keras.datasets import mnist
from keras.layers import Dense, Dropout, Activation, Flatten
from keras.utils import np_utils  # 用來後續將 label 標籤轉為 one-hot-encoding  
from matplotlib import pyplot as plt

# 載入 MNIST 資料庫的訓練資料，並自動分為『訓練組』及『測試組』
(X_train, y_train), (X_test, y_test) = mnist.load_data()


# 建立簡單的線性執行的模型
model = Sequential()
# Add Input layer, 隱藏層(hidden layer) 有 256個輸出變數
model.add(Dense(units=256, input_dim=784, kernel_initializer='normal', activation='relu')) 
# Add output layer
model.add(Dense(units=10, kernel_initializer='normal', activation='softmax'))

# 編譯: 選擇損失函數、優化方法及成效衡量方式
model.compile(loss='categorical_crossentropy', optimizer='adam', metrics=['accuracy']) 

# 將 training 的 label 進行 one-hot encoding，例如數字 7 經過 One-hot encoding 轉換後是 0000001000，即第7個值為 1
y_TrainOneHot = np_utils.to_categorical(y_train) 
y_TestOneHot = np_utils.to_categorical(y_test) 

# 將 training 的 input 資料轉為2維
X_train_2D = X_train.reshape(60000, 28*28).astype('float32')  
X_test_2D = X_test.reshape(10000, 28*28).astype('float32')  

x_Train_norm = X_train_2D/255
x_Test_norm = X_test_2D/255

# 進行訓練, 訓練過程會存在 train_history 變數中
train_history = model.fit(x=x_Train_norm, y=y_TrainOneHot, validation_split=0.2, epochs=10, batch_size=800, verbose=2)  

# 顯示訓練成果(分數)
scores = model.evaluate(x_Test_norm, y_TestOneHot)  
print()  
print(""\t[Info] Accuracy of testing data = {:2.1f}%"".format(scores[1]*100.0))  

# 預測(prediction)
X = x_Test_norm[0:10,:]
predictions = model.predict_classes(X)
# get prediction result
print(predictions)

# 模型結構存檔
from keras.models import model_from_json
json_string = model.to_json()
with open(""model.config"", ""w"") as text_file:
    text_file.write(json_string)

    
# 模型訓練結果存檔
model.save_weights(""model.weight"")

","True","True","True","True","False","True","True","False","0","0","0","0","0","0","6"
