"repo","path","pushed_date","code_snippet"
"zkaedii/quantum_simulator","enhanced_demo.py","2025-07-21","import matplotlib.pyplot as plt
import matplotlib.pyplot as plt"
"zkaedii/quantum_simulator","ibm_quantum_integration.py","2025-07-21","import matplotlib.pyplot as plt"
"zkaedii/quantum_simulator","nft_quantum_collection.py","2025-07-21","import matplotlib.pyplot as plt
import matplotlib.patches as patches"
"zkaedii/quantum_simulator","quantum_computing_app.py","2025-07-21","import matplotlib.pyplot as plt"
"leoipp/MDD","main.py","2025-07-21","import matplotlib.pyplot as plt"
"brendanhalstead/ai-progress-rates","app.py","2025-07-22","import matplotlib"
"brendanhalstead/ai-progress-rates","progress_model.py","2025-07-22","import matplotlib
import matplotlib.pyplot as plt"
"brendanhalstead/ai-progress-rates","test_visualization.py","2025-07-22","import matplotlib.pyplot as plt
import matplotlib.pyplot as plt"
"brendanhalstead/ai-progress-rates","visualization.py","2025-07-22","import matplotlib
import matplotlib.pyplot as plt
import matplotlib.dates as mdates"
"vhd0/telebot-monitor","plot_uptime.py","2025-07-23","import matplotlib.pyplot as plt
import matplotlib.patches as mpatches"
"SubmissionsIn/RML","TSNE.py","2025-07-23","import matplotlib.pyplot as plt"
