BLVNDScreener,BLVNDSelection,age,chartInterpretationConfidence,chartSummarizerFeedback,chartSummarizerRating,confidence1,confidence2,confidence3,confidence4,currentScreenReaderScreener,dataLiteracyTraining,endTimestamp,findAndAnswer1,findAndAnswer2,findAndAnswer3,findAndAnswer4,graphFilename1,graphFilename2,graphFilename3,graphFilename4,highestLevelOfEducation,informativeness1,informativeness2,informativeness3,informativeness4,informedConsentScreener,initialScreener,participantNumber,prolificID,qaFeedback,qaInformativeness1,qaInformativeness2,qaRating,raceAndEthnicity,screenReadersSelection,spokenQuestions1,spokenQuestions2,startTimestamp,usability1,usability2,usability3,usability4,useScreenReadersScreener,wouldYouUse
Yes,"[""ADHD (Attention-Deficit/Hyperactivity Disorder)""]",35 to 44,4,"The chart summarizer was ok. I could get a picture in my head what it was saying, but it was difficult without the graph. The summary was helpful in answering the questions, but not give the exact answer",1,2,1,1,1,Yes,I took some classes in college,2025-09-02T18:29:40.576Z,175,one of the largest with the US and China,$300000,North,scatterplot.jpg,chord_diagram.jpg,span_chart.png,box_and_whisker_plot.png,"Bachelor's degree (for example, BA, BS)",2,1,1,1,I agree,Yes,15,66311db2f9d3b238692d2972,The question and answer was rude. It cut me off and didn't actaully read the graph to me. I wanted it to specifically answer questions about the graph,2,1,1,"[""White""]","[""Other"",""Narrator (Windows)""]",I'm listening,I'm listening,2025-09-02T18:17:28.291Z,2,2,1,1,Yes,No
Yes,"[""Low-vision"",""Blind"",""Other""]",45 to 54,3,"It was too hard to maneuver and I didn't understand the question and answer function,it wasn't helpful at all and in order to ask a question you had to memorize alot of confusing or just detailed information. Then it wasn't always information that went together ",1,2,3,1,1,Yes,Medical Billing and Coding Specialist Certificate ,2025-09-02T18:47:35.705Z,44,Oranges are way more popular than grapes by 4 ,$260,May,dot_matrix_chart.jpg,pictogram_chart.png,bullet_graph.png,gantt_chart.jpg,"Some college, no degree",3,4,2,1,I agree,Yes,22,5c50b6dc172b6c000177a036,"Read last answer that is what I explained. Didn't think it worked well,very hard and time consuming ",3,4,1,"[""White""]","[""TalkBack (Android)"",""Other""]",,,2025-09-02T18:03:35.552Z,2,4,2,1,Yes,No
Yes,"[""ADHD (Attention-Deficit/Hyperactivity Disorder)""]",35 to 44,2,"Matcha helped to interpret the chart in most of the questions, but not all.  There wasn't always enough information provided to answer the question accurately.",3,4,3,4,4,Yes,no,2025-09-02T18:55:00.087Z,Ice cream,"The information that is provided does not say any exact dollar amount.  Therefore, there is not enough information to provide an accurate answer.","if the sizes of their nodes vary, it is because  one character is more central to the story than the other. ",Approximately $500,tally_chart.png,parallel_coordinates_plot.png,non_ribbon_chord_diagram.png,stacked_bar_graph.png,"Associate degree (for example, AA, AS)",4,2,3,3,I agree,Yes,22,66f59c766e7e22e1f90d08f6,"The Q&A feature didn't work for me.  Under the summary, there was a little message that said ""Q&A Feature is not available"".  So, I can't review that.",1,1,2,"[""White""]","[""Other""]",,,2025-09-02T18:39:58.919Z,4,3,3,3,Yes,Maybe
Yes,"[""ADHD (Attention-Deficit/Hyperactivity Disorder)""]",35 to 44,2,"Matcha helped to interpret the chart in most of the questions, but not all.  There wasn't always enough information provided to answer the question accurately.",3,4,3,4,4,Yes,no,2025-09-02T18:55:00.478Z,Ice cream,"The information that is provided does not say any exact dollar amount.  Therefore, there is not enough information to provide an accurate answer.","if the sizes of their nodes vary, it is because  one character is more central to the story than the other. ",Approximately $500,tally_chart.png,parallel_coordinates_plot.png,non_ribbon_chord_diagram.png,stacked_bar_graph.png,"Associate degree (for example, AA, AS)",4,2,3,3,I agree,Yes,22,66f59c766e7e22e1f90d08f6,"The Q&A feature didn't work for me.  Under the summary, there was a little message that said ""Q&A Feature is not available"".  So, I can't review that.",1,1,2,"[""White""]","[""Other""]",,,2025-09-02T18:39:58.919Z,4,3,3,3,Yes,Maybe
Yes,"[""Blind"",""Low-vision""]",18 to 24,3,It provided nothing.,1,1,1,4,1,Yes,Just as much as anyone else who went to college.,2025-09-02T18:53:45.758Z,Can't see it.,No idea.,Young males,Overwhleming,bubble_map.png,connection_map.png,multiset_bar_chart.jpg,nightingale_rose_chart.png,"Bachelor's degree (for example, BA, BS)",1,1,4,1,I agree,yes,22,63d82b2de40f94ceb14816cc,I didn't use it.,1,1,1,"[""White""]","[""Narrator (Windows)""]",,,2025-09-02T18:40:51.001Z,1,1,4,1,Yes,No
Yes,"[""Low-vision"",""ADHD (Attention-Deficit/Hyperactivity Disorder)""]",35 to 44,3,It was simple to use. It was very helpful and useful tool,3,2,1,2,3,Yes,No,2025-09-02T19:54:52.782Z,7,Idk,13,No it's mostly dedicated to paid work ,histogram.jpg,arc_diagram.png,line_graph.png,timetable.png,"Bachelor's degree (for example, BA, BS)",2,2,2,3,I agree,Yes,23,67a796cd3ddc2ecc4a26fa35,I thought it was very helpful and useful. I would use this in the future and would be useful ,3,1,4,"[""White""]","[""TalkBack (Android)"",""Narrator (Windows)""]",,,2025-09-02T19:46:03.109Z,2,1,3,2,Yes,Maybe
Yes,"[""Low-vision""]",25 to 34,4,I felt like it was easy to use and helped me to quickly and efficiently find what i was looking for in the passage to find the answer quick and easily.,4,3,4,4,4,Yes,coursework,2025-09-02T21:15:50.378Z,0,26.80,1350 BC,1969,calendar.png,point_and_figure_chart.png,flow_map.png,timeline.jpg,"Some college, no degree",2,4,4,4,I agree,Yes,29,5d730aab6b4b16001ab9699e,The questiona nd anser feature was great helped i actuallly enjoyed learning to use it and using it i wanna continue to use it now ,2,4,4,"[""Black or African American""]","[""Narrator (Windows)""]",,,2025-09-02T20:56:32.832Z,2,4,4,4,Yes,Yes
Yes,"[""ADHD (Attention-Deficit/Hyperactivity Disorder)""]",25 to 34,3,"I don't think the summaries worked well. I was not able to see the chart visually, and the summary wasn't answering the questions that followed. It wasn't helpful at all.",2,1,1,3,3,Yes,No i do not,2025-09-02T21:22:53.986Z,I can't see the graph,I can;t see the graph,130,$1.25 per day,heatmap.png,kagi_chart.png,candlestick_chart.png,area_graph.png,"Some college, no degree",1,2,2,3,I agree,Yes,30,5dc916d584b21f64f98d61dd,I think it was great using the Q&A feature. Very helpful to me. I  would use this for sure  because I look at charts sometimes for my college courses.,2,2,4,"[""White""]","[""TalkBack (Android)"",""Narrator (Windows)""]","what what chart,What's the total dollar range,What's the total dollar range just played on the y-axis from its lowest value to the highest value,what is the total dollar range just played on the y-axis from as lowest value to its highest value",what is the daily income value indicated by the poverty line on this chart,2025-09-02T21:13:53.113Z,1,1,3,3,Yes,Yes
Yes,"[""ADHD (Attention-Deficit/Hyperactivity Disorder)""]",25 to 34,4,it was a fun experience. it went smoothly on my end.,3,4,3,3,1,Yes,no.,2025-09-02T21:58:43.555Z,gymnast 3 ,yes,295 billion,i dont know ,radar_chart.png,bubble_chart.png,stream_graph.png,open_high_low_close_chart.png,High school diploma/G.E.D.,4,3,3,1,I agree,Yes,32,667c86d3b9ca760b999914f3,it was easy to use and helpful ,4,3,3,"[""Black or African American""]","[""Narrator (Windows)""]",,,2025-09-02T21:29:12.229Z,4,3,3,1,Yes,Yes
Yes,"[""ADHD (Attention-Deficit/Hyperactivity Disorder)"",""SPD (Sensory Processing Disorder)""]",55 to 64,3,It was ok.  I thought there would be a chart in addition to the summary,3,4,4,4,3,Yes,Work training,2025-09-02T23:19:31.737Z,There is no chart visible to accurately answer the question,The charts are not visiblie,ice cream,$0.4 Nigeria is tied with India for general labor,non_ribbon_chord_diagram.png,stacked_bar_graph.png,tally_chart.png,parallel_coordinates_plot.png,"Master's degree (for example, MA, MS, MBA)",1,1,4,2,i agree,yes,37,654beb18b762f5afea837c8b,Not good.  I tried asking a question but it only got 2 of the words and then gave more summary information,1,1,3,"[""White""]","[""VoiceOver (macOS/iOS)""]",,"I'm listening please ask your question,please ask your question how are",2025-09-02T23:01:25.697Z,1,4,4,3,Yes,Maybe
Yes,"[""ASD (Autism Spectrum Disorder)"",""Low-vision"",""ADHD (Attention-Deficit/Hyperactivity Disorder)""]",25 to 34,3,the screen reader was not the easiest to use. it kept picking up its own voice and was not clear and to the point like my usual one. i was a little let down with it ,2,1,3,4,2,Yes,No,2025-09-03T01:15:36.870Z,The graph is not visible,1969,2 classes,7.40,flow_map.png,timeline.jpg,calendar.png,point_and_figure_chart.png,"Some college, no degree",1,1,4,2,I agree,Yes,43,67a3b1205dced1eb520e10f1,please make it more straightforward. it was a little confusing to use. it would be better if it could read highlighted text better. thats something i commonly use ,1,1,2,"[""White""]","[""Narrator (Windows)""]","I'm listening,please ask your question,I'm listening what is,how many classes are on Thursday May 8th","I'm listening,I'm listening,what is the approximate total decrease in all ordinaries value from its peak around 20th December 01 to its lowest point around the 4th December 02",2025-09-03T01:03:12.350Z,1,1,4,2,Yes,No
Yes,"[""Low-vision"",""ADHD (Attention-Deficit/Hyperactivity Disorder)"",""ASD (Autism Spectrum Disorder)"",""Other"",""SPD (Sensory Processing Disorder)"",""SLD (Specific Learning Disorder - dyslexia, dyscalculia, dysgraphia, and/or dyspraxia)""]",25 to 34,3,"At first it was overwhelmingly positive. It helped to not have to worry about vision issues getting in the way of interpreting the data, but later on the summaries didn't give enough information to answer questions.",2,1,2,4,4,Yes,No,2025-09-03T02:05:22.343Z,I can't tell,I cannot tell,12,Yes,spiral_plot.jpg,radial_column_chart.png,bar_chart.png,flow_chart.jpg,Prefer not to say,1,1,4,4,I agree,Yes,48,667bd5012a43ab2c51a565ce,"When I tested out the Q and A feature in the very beginning of the study, it worked fine, but as I progressed through the study and needed it to use it in earnest, it wouldn't work. I was told it was because of my browser (up to date version of Firefox. I wasn't told on Prolific or in the study that I would need Chrome. Please remember to specify if a specific browser is best early on. Thanks).",3,2,3,"[""White"",""American Indian or Alaska Native"",""Asian"",""Black or African American""]","[""Narrator (Windows)"",""Other""]",,",,,,,,,",2025-09-03T01:39:48.774Z,1,3,3,3,Yes,Maybe
Yes,"[""SPD (Sensory Processing Disorder)"",""SLD (Specific Learning Disorder - dyslexia, dyscalculia, dysgraphia, and/or dyspraxia)"",""ASD (Autism Spectrum Disorder)"",""Low-vision"",""Other""]",35 to 44,4,"I thought it was easy, fluid, the ui is solid, and over my experience was wonderful and thought provoking ",4,4,4,4,4,Yes,No,2025-09-03T01:46:00.728Z,Highest density peak for low yeild,Does don't give that data,It signified that the larger companies have more wealth by having more billionaires,"Tofu, herbs, lentil, ",density_plot.png,dot_map.png,circle_packing.png,venn_diagram.png,"Associate degree (for example, AA, AS)",4,4,4,4,I agree,Yes,48,5a147e755d06850001b00937,Easy and straightforward. Fluid and minimalistic. The questions were though provoking and fun. I felt engaged throughout ,4,4,4,"[""White""]","[""TalkBack (Android)"",""Narrator (Windows)"",""Other""]",,,2025-09-03T01:30:18.352Z,4,4,4,4,Yes,Yes
Yes,"[""Low-vision"",""ADHD (Attention-Deficit/Hyperactivity Disorder)""]",45 to 54,2,I like the audio the times where it was not avaiable was a lot harder Overal it was easy to use ,3,2,1,3,4,Yes,I am a data manager so I mange people who create data ,2025-09-03T09:16:31.499Z,E,4 to 8,10-20 precent ,united nations population division ,proportional_area_chart.png,brainstorm.png,stacked_area_chart.png,chloropleth_map.jpg,"Master's degree (for example, MA, MS, MBA)",2,1,3,3,I agree,YES,54,603e27e4689f94dfc6590465,It was hard to click three buttons. It should be one. It also wanted to talk over me and was hard to tell if it was listening or not as no promopt given ,3,3,4,"[""White""]","[""Narrator (Windows)""]","I'm listening,what percentage what percentage on the vertical axis does the EU region sales contribution and","I'm listening,what is the latest news what is the full name of the United Nations division credited as the source for the data presented on this map",2025-09-03T09:05:10.432Z,3,1,3,4,Yes,Maybe
Yes,"[""Low-vision"",""SPD (Sensory Processing Disorder)""]",55 to 64,4,The chart summarizer makes it easy for me to understand what was on the screen clearly,4,4,4,4,3,Yes,Yes in a data science course work,2025-09-03T14:08:47.979Z,Third-Class Males,No,7%,Two times,parallel_sets.png,word_cloud.jpg,donut_chart.png,stem_and_leaf_plot.jpg,"Bachelor's degree (for example, BA, BS)",4,4,4,4,I agree,Yes,58,672c18b9a6c9d7bb286cd039,The Q&A feature also help even though I used my screen reader.,2,1,4,"[""Black or African American""]","[""JAWS"",""Narrator (Windows)""]",,,2025-09-03T13:41:36.634Z,4,3,4,4,Yes,Yes
Yes,"[""ADHD (Attention-Deficit/Hyperactivity Disorder)""]",35 to 44,2,Chart Summarizer is sometimes helpful but I noticed when I tired to use the Que feature it opened a new page and had me start the whole survey over which was very frustrating.,2,1,2,3,1,Yes,no,2025-09-03T16:29:31.530Z,a general downward trend in manufacturing,Yes. ,7,i'm unsure,line_graph.png,timetable.png,histogram.jpg,arc_diagram.png,"Some college, no degree",2,1,2,1,i agree,yes,68,67a92eb40002d1f843008b03,"As I stated above, I could see it being helpful sometimes but earlier it opened a new page that required me starting the whole survery over which was very frustrating",2,1,1,"[""White""]","[""Narrator (Windows)"",""VoiceOver (macOS/iOS)""]",Well alert this page is accessing.,,2025-09-03T16:12:51.537Z,1,1,2,1,Yes,Maybe
Yes,"[""ASD (Autism Spectrum Disorder)"",""ADHD (Attention-Deficit/Hyperactivity Disorder)""]",18 to 24,3,"The chart summarizer was good for giving an overall summary but it failed to properly describe specific details or trends. Because of this, it was really hard to gather the correct information from the summary when the Q&A option was not available.",2,1,1,2,2,Yes,I do not,2025-09-03T17:36:38.696Z,"I do not know, the text summary does not provide that information and the Q&A feature was not available for the graph",The text summary provides no name for the United Nations division credited as the source,E,7,stacked_area_chart.png,chloropleth_map.jpg,proportional_area_chart.png,brainstorm.png,"Some college, no degree",1,1,1,1,I agree,Yes,69,66445cba51653be6d03587f1,"The Q&A feature was helpful, however there were several times where I asked questions and my question was just repeated back to me with no answer. When the feature did provide me with an answer, it was helpful, but this happened inconsistently",2,2,2,"[""White""]","[""VoiceOver (macOS/iOS)""]",,"please ask your question,how many colors are there,how many colors are there,how many colors are there",2025-09-03T17:13:25.292Z,2,1,2,2,Yes,No
Yes,"[""ADHD (Attention-Deficit/Hyperactivity Disorder)"",""ASD (Autism Spectrum Disorder)""]",25 to 34,3,I think it was amazing!  I would rather have things summarized for me and have it read to me. And the fact I can ask it questions is right up my ally. Loved it,4,4,4,4,4,Yes,No I do not. ,2025-09-04T01:10:57.363Z,Gymnast 3,Yes,6 billion dollars,3 Days,radar_chart.png,bubble_chart.png,stream_graph.png,open_high_low_close_chart.png,"Some college, no degree",4,3,2,2,I agree,Yes,92,65eb3a99355a9dc09c32dc23,"The Q and A feature was the best part because I can ask it questions and pretty much turn my brain off. It's good for me because, I'm not that good at focusing on reading, so if I can just ask the question. That's great! ",3,4,4,"[""Black or African American""]","[""Narrator (Windows)""]","A stacked area.,A stacked area chart.,What were the total US music sales and billions of dollars in 2013?",On how many days did the price finish higher that started based on the colors used in the chart?,2025-09-04T00:38:30.095Z,4,4,3,3,Yes,Yes
Yes,"[""Blind""]",18 to 24,2,"I thought the chart summarizer gave clear summaries of the charts. I could understand them very clearly, and could easily interpret the data.",3,2,1,4,4,Yes,None,2025-09-04T03:59:12.111Z,102-85,US,Vegtables,4.2,tree_diagram.png,sunburst_diagram.jpg,pie_chart.png,population_pyramid.png,"Some college, no degree",2,2,3,4,I agree,Yes,94,66f0c33279c43367bd7542c4,I think the Q&A feature helped me in gaining a deeper understanding of the charts. I liked how I could ask it follow-up questions on something I wasn't too sure about. I do wish there were an option to both type and speak however.,3,3,4,"[""White""]","[""NVDA"",""VoiceOver (macOS/iOS)""]",give me more detail,,2025-09-04T03:45:39.826Z,3,2,4,4,Yes,Yes
Yes,"[""Low-vision"",""ADHD (Attention-Deficit/Hyperactivity Disorder)""]",35 to 44,3,I think that it was both confusing and a bit tough figuring out the way the charts were read and getting the correct answers were a bit hard for me,2,3,4,2,3,Yes,Not really,2025-09-04T04:55:05.581Z,Ues,England,Yes,Yellow,illustration_diagram.png,sankey_diagram.png,error_bars.png,network_diagram.png,High school diploma/G.E.D.,3,3,2,2,I agree,Yes,95,67048c644ae2740b0d23f015,I had a bit of a hard time getting the answers from the charts I'm not even  sure I answered correctly,3,4,2,"[""White""]","[""Narrator (Windows)"",""TalkBack (Android)"",""VoiceOver (macOS/iOS)"",""NVDA""]",,,2025-09-04T04:22:16.651Z,3,4,1,2,Yes,Yes
Yes,"[""Low-vision"",""ADHD (Attention-Deficit/Hyperactivity Disorder)""]",35 to 44,3,I think that it was both confusing and a bit tough figuring out the way the charts were read and getting the correct answers were a bit hard for me,2,3,4,2,3,Yes,Not really,2025-09-04T04:55:05.559Z,Ues,England,Yes,Yellow,illustration_diagram.png,sankey_diagram.png,error_bars.png,network_diagram.png,High school diploma/G.E.D.,3,3,2,2,I agree,Yes,95,67048c644ae2740b0d23f015,I had a bit of a hard time getting the answers from the charts I'm not even  sure I answered correctly,3,4,2,"[""White""]","[""Narrator (Windows)"",""TalkBack (Android)"",""VoiceOver (macOS/iOS)"",""NVDA""]",,,2025-09-04T04:22:16.651Z,3,4,1,2,Yes,Yes
Yes,"[""ADHD (Attention-Deficit/Hyperactivity Disorder)"",""Low-vision""]",35 to 44,4,the last chart was very hard to understand. i do not feel confident in my answer at all with that one ,4,3,3,1,1,Yes,n/a,2025-09-04T07:06:16.977Z,Males,95%,Montana ,not listed in the chart at all.,multiset_bar_chart.jpg,nightingale_rose_chart.png,bubble_map.png,connection_map.png,"Some college, no degree",2,3,1,1,I agree.,Yes,101,66353ccc7ee2fcdbd28ea518,When i asked a question on the last chart i do not think it understood my question correctly. The response to my question was about something else.,3,4,2,"[""White""]","[""Narrator (Windows)""]",I'm listening.,I'm listening.,2025-09-04T06:34:41.899Z,2,3,1,1,Yes,Maybe
Yes,"[""ADHD (Attention-Deficit/Hyperactivity Disorder)"",""ASD (Autism Spectrum Disorder)"",""Other""]",35 to 44,4,"It really didn't work, tbh. I was unable to view the charts in detail and it seemed the summarizer had the same issue because it may as well have guessed. ",2,4,1,4,3,Yes,"not that I can think of, no, at least not specifically",2025-09-04T07:49:11.210Z,1.28,3,undeterminable,"no, I don't think so",radial_bar_chart.png,marimekko_chart.png,treemap.png,violin_plot.png,"Associate degree (for example, AA, AS)",3,1,1,1,I agree,Yes,105,5e74ff093115e00576f0187c,"I attempted  to ask it to clarify the data, but it seemed more clueless than I did! Essentially useless.",1,1,1,"[""White""]","[""NVDA"",""TalkBack (Android)"",""Narrator (Windows)"",""Other""]",I'm,,2025-09-04T07:29:59.342Z,3,2,1,1,Yes,No
Yes,"[""Low-vision"",""ADHD (Attention-Deficit/Hyperactivity Disorder)""]",18 to 24,3,Charts summarizer was easy to read and follow with,2,3,1,3,2,Yes,no,2025-09-04T10:31:06.608Z,Waseca,n/a,Number of billionaires in each country,3,density_plot.png,dot_map.png,circle_packing.png,venn_diagram.png,High school diploma/G.E.D.,4,1,4,2,I agree,yes,107,6672d7c8f27a75aa9998abab,It worked well and the questions along with it were very thought out,3,1,3,"[""White""]","[""Narrator (Windows)""]",,,2025-09-04T10:24:42.781Z,4,1,2,2,Yes,Yes
Yes,"[""Low-vision""]",35 to 44,3,"the chart summarizer was somewhat helpful. 
it gave a general idea about the data.",3,2,1,4,3,Yes,no,2025-09-05T00:01:54.432Z,650,800,12,no,spiral_plot.jpg,radial_column_chart.png,bar_chart.png,flow_chart.jpg,"Bachelor's degree (for example, BA, BS)",2,1,4,3,I agree,yes,162,5de58f7433a3aa000b024461,"the q&a feature was quite helpful.
it gave me a basic sense of what the chart was showing",2,1,4,"[""White""]","[""JAWS""]",,,2025-09-04T23:45:42.986Z,2,1,4,3,Yes,Maybe
Yes,"[""Low-vision""]",25 to 34,3,the chart summariser just confused me more it was not providing detailed data i know the aim is to summarise but i was left confused and had to fill the gaps which made my job harder instead of easier,2,3,4,2,4,Yes,none,2025-09-05T00:03:49.853Z,150,it is hard to dertemine the exact number without sufficient data,1.5 trillion,northen region,scatterplot.jpg,chord_diagram.jpg,span_chart.png,box_and_whisker_plot.png,"Master's degree (for example, MA, MS, MBA)",2,1,1,3,I agree,Yes,165,60e282f9202a8126e2ea0315,the feature was good and allowed me to express my feedback wether good or bad ,3,1,2,"[""Black or African American""]","[""Narrator (Windows)"",""TalkBack (Android)""]",,,2025-09-04T23:38:43.845Z,3,1,2,3,Yes,No
Yes,"[""Low-vision"",""Blind""]",18 to 24,2,The chart summarizer was easy to use and helped me see trends quickly,3,2,3,4,3,Yes,I havent done any formal course or workshops in data literacy but i have learned a bit on my own through online articles and videos. i have practiced understanding simple charts and basic data in my work and daily life.,2025-09-05T00:06:21.594Z,"German manufacturing declined by 17 points from 1980 to 2020, showing a clear decline over the years.","China's total leisure time should equal the sum of seeing friends, TV and radio, and other leisure activities. There might be a small difference due to rounding, but it is generally the same",7 students scored between 50 and 60 in mathematics,Luke predominantly use the word going in Episode v,line_graph.png,timetable.png,histogram.jpg,arc_diagram.png,"Master's degree (for example, MA, MS, MBA)",3,4,4,3,I agree,yes,169,6728cf34e77227d41aec736c,The Q&A feature made finding answers fast and simple,2,4,2,"[""Black or African American""]","[""JAWS"",""Narrator (Windows)""]",,,2025-09-04T23:37:03.707Z,3,3,3,3,Yes,Yes
Yes,"[""Low-vision""]",25 to 34,3,The study was informative and very good,3,4,3,2,4,Yes,Workshops to be trained more on how to read and write carefully ,2025-09-05T00:19:55.720Z,Group E,Dark red,40%,Choropleth,proportional_area_chart.png,brainstorm.png,stacked_area_chart.png,chloropleth_map.jpg,"Bachelor's degree (for example, BA, BS)",3,3,3,3,I agree,Yes,188,67d6b89ed0d843d5b37b667a,The feature was educative,3,2,3,"[""Black or African American""]","[""JAWS""]",,,2025-09-05T00:10:29.844Z,3,2,2,3,Yes,Yes
Yes,"[""Low-vision""]",18 to 24,3,"the  chart summarizer is an effective tool that enhances productivity and accessibility of data ,it was easy to  interpret using it ",4,3,2,4,3,Yes,"yes ,technical tools",2025-09-05T00:23:12.845Z,"there's  a general upward trend in orders  and sales across the years ,with activity typically increasing toward the end of the year ",$145-$147,"from $26,970,00  to $27,100,00",$1.25,heatmap.png,kagi_chart.png,candlestick_chart.png,area_graph.png,High school diploma/G.E.D.,3,2,3,1,i agree,yes,192,66a39e4133c215f408c9cd0c,"it was easy to use and intuitive , making it simple to ask questions and get quick response",4,2,4,"[""Black or African American""]","[""Narrator (Windows)""]","please ask your question,to what extent do you agree with the following statement I am confident by answer was correct,to what extent,to what extent do I change the following statement it was easy to understand the summer","what is the daily incomes value indicated by the poverty line on the chart,what extent do you agree with the following statement I am confident my answer was correct,what extent do you agree with the following statement I can rely on the summary alone to interpret the chart,what extent do you agree with the following statement it was easy to understand the summer",2025-09-04T23:52:49.368Z,2,1,2,4,Yes,Yes
Yes,"[""Low-vision""]",25 to 34,3,The chart summarizer was very good even thought we had some issues with the way i pronounced my words but it was cool and i really enjoyed the experience wish to do it again.,3,1,3,3,1,Yes,no,2025-09-03T11:56:33.405Z,long time ago,2021,2,"7,40",flow_map.png,timeline.jpg,calendar.png,point_and_figure_chart.png,Less than high school diploma,2,2,3,1,I agree,Yes,193,667d80e9999f7d4918f9fc94,the experience was good and i would to gain more experience for future purpose and get used to chart summarizer.,2,2,3,"[""Black or African American""]","[""NVDA"",""Narrator (Windows)""]",can you please show me how many classes are scheduled on for Thursday,"what is the approximate total decreased in all the ordinary xao value from its peak,what is the approximate to child decreased in all ordinaries around 20 December 1 to the lowest point,what is the approximate total decreased in all the ordinary's value from the peak around 20 December to the lowest point around 40 December",2025-09-03T11:27:05.241Z,1,3,3,1,Yes,Maybe
Yes,"[""Low-vision""]",25 to 34,3,The chart summarizer was very good even thought we had some issues with the way i pronounced my words but it was cool and i really enjoyed the experience wish to do it again.,3,1,3,3,1,Yes,no,2025-09-03T11:56:32.100Z,long time ago,2021,2,"7,40",flow_map.png,timeline.jpg,calendar.png,point_and_figure_chart.png,Less than high school diploma,2,2,3,1,I agree,Yes,193,667d80e9999f7d4918f9fc94,the experience was good and i would to gain more experience for future purpose and get used to chart summarizer.,2,2,3,"[""Black or African American""]","[""NVDA"",""Narrator (Windows)""]",can you please show me how many classes are scheduled on for Thursday,"what is the approximate total decreased in all the ordinary xao value from its peak,what is the approximate to child decreased in all ordinaries around 20 December 1 to the lowest point,what is the approximate total decreased in all the ordinary's value from the peak around 20 December to the lowest point around 40 December",2025-09-03T11:27:05.241Z,1,3,3,1,Yes,Maybe
Yes,"[""SLD (Specific Learning Disorder - dyslexia, dyscalculia, dysgraphia, and/or dyspraxia)"",""Low-vision"",""ADHD (Attention-Deficit/Hyperactivity Disorder)""]",55 to 64,3,"The  summarizer was a bit complicated with the information, i feel it didn't provide enough information for me to be able to answer with confidence ",3,4,1,4,4,Yes,Yes i have as i am an educator myself,2025-09-05T01:16:05.380Z,Vegetables,9.5 ℅,There is no win -loss record of 1 Purdue' team  so (0:0),Invesor Owned,pie_chart.png,population_pyramid.png,tree_diagram.png,sunburst_diagram.jpg,"Professional degree (for example, MD, JD, PharmD)",4,4,3,3,I agree,Yes,206,67ebb7fcb7728fc1387839b9,The Q & A  feature was good made me able to answer and also to tell if i really found it easy to answer and also the questions where pretty easy to answer to,4,4,4,"[""Black or African American""]","[""NVDA"",""JAWS"",""Narrator (Windows)""]",,,2025-09-05T00:49:43.935Z,4,1,3,3,Yes,Maybe
Yes,"[""ADHD (Attention-Deficit/Hyperactivity Disorder)"",""Low-vision""]",35 to 44,3,The chart summarizer was super helpful in breaking down complex data into easy sentences even though the last on was lacking information.,3,4,4,3,4,Yes,"Yes ,I do. As  part of my bachelor's degree i completed coursework that emphasized data literacy I have also participated in a few workshops and training sessions focused on data visualization tools.",2025-09-05T01:25:36.633Z,Ice-cream,"The graph does not mention specific hourly wages for a Carpenter ,bricklayer in South Africa.","The varying size of the nodes , like the difference between 'Marius' and 'Jondrette' conveys information about the characters prominence in the novel's character relationships.Larger nodes indicate more prominence or centrality in interactions so if Marius has a larger node than Jondrette, it suggests Marius has a more central role in the character relationships.",500,tally_chart.png,parallel_coordinates_plot.png,non_ribbon_chord_diagram.png,stacked_bar_graph.png,"Bachelor's degree (for example, BA, BS)",4,2,2,3,I agree,Yes,208,669bce49fe5a1987b0767370,The Q&A feature was handy for getting quick answers about the data. Responses were generally accurate and fast.,3,1,3,"[""Black or African American""]","[""Other""]",,,2025-09-05T00:57:15.548Z,4,3,3,3,Yes,Maybe
Yes,"[""Low-vision"",""ADHD (Attention-Deficit/Hyperactivity Disorder)""]",25 to 34,4,"The chart summaries were clear and gave me the main trends without needing to see the visual details. They made it easier to understand complex information like sales data and price movements. However, in some cases, I felt the summaries could include more exact numbers for each time point to give me greater confidence in my answers.
",4,3,3,3,3,Yes,No,2025-09-05T01:46:28.097Z,Olympics (Paris 2024),SF Bay Area,$7 to $8 billion ,7 days,radar_chart.png,bubble_chart.png,stream_graph.png,open_high_low_close_chart.png,"Master's degree (for example, MA, MS, MBA)",3,3,3,3,I agree,Yes,213,67402eca3dd0d3cc8ca11df3,"The Q&A feature was helpful because it let me focus on specific questions and test my understanding of the chart. It encouraged me to think critically about the data rather than just passively reading the summary. At the same time, some questions felt difficult to answer with confidence since not all details were included in the summaries.
",3,3,4,"[""Black or African American""]","[""JAWS"",""TalkBack (Android)""]",,,2025-09-05T01:36:36.415Z,3,3,3,3,Yes,Yes
Yes,"[""ADHD (Attention-Deficit/Hyperactivity Disorder)""]",25 to 34,3,"The chart summarizer has helped me to simple the key points that is needed according to the questions, making it easier to understand, it highlighted important patterns, correlations and trends according to the passage, it gives out clear, accurate, useful and relevant information according to the passage given",3,3,1,1,4,Yes,No ,2025-09-05T02:05:08.852Z,December ,2017,"$54,070. 00",$1.25,heatmap.png,kagi_chart.png,candlestick_chart.png,area_graph.png,"Bachelor's degree (for example, BA, BS)",4,1,3,4,I agree,Yes,216,67ac32ed0bac98257abc2c04,"It was easy to use, it has complex information, it is time saving reducing the need to read all over the given passage, gives out most accurate, useful, relevant and complete information according to the passage given ",2,2,3,"[""Black or African American""]","[""VoiceOver (macOS/iOS)"",""NVDA"",""Narrator (Windows)"",""Dolphin ScreenReader""]",,,2025-09-05T01:25:33.816Z,3,1,2,4,Yes,Yes
Yes,"[""ADHD (Attention-Deficit/Hyperactivity Disorder)"",""Low-vision""]",18 to 24,4,"The chart summarizer made it much easier to understand the main points of each chart without having to study all the details. The summaries were clear, concise, and highlighted the most important information, such as percentages, comparisons, and overall trends. It saved time and gave me confidence that I was interpreting the data correctly.",4,4,4,4,3,Yes,No,2025-09-05T02:16:47.224Z,25-9,Investor Owned,Vegetables,Approximatly 7,tree_diagram.png,sunburst_diagram.jpg,pie_chart.png,population_pyramid.png,"Bachelor's degree (for example, BA, BS)",3,2,3,3,I agree,Yes,217,671a442156d47b923c0c4f7a,"The Q&A feature was very helpful because it allowed me to directly test my understanding of the chart and the summary. Being able to ask or answer specific questions reinforced the information and clarified any uncertainties. It made the charts more interactive and easier to engage with, which improved the overall learning experience.",3,3,3,"[""Black or African American""]","[""JAWS""]",,,2025-09-05T01:48:12.896Z,4,4,4,2,Yes,No
Yes,"[""Low-vision""]",35 to 44,3,"The experience that have got doing the study is really amazing. i have learnt to differentiate charts . It also help me to observe different colors on the chart, the colors were very blurry and dark . it also help me to analyze the complex data.",4,4,4,3,4,Yes,Yes i do have formal training data literacy i attend workshops of data visualization  for healthcare studies.,2025-09-05T11:13:25.854Z,"Blue,red, orange, green, yellow, powder blue",6,Waseca,2009,circle_packing.png,venn_diagram.png,density_plot.png,dot_map.png,"Master's degree (for example, MA, MS, MBA)",3,4,3,3,I agree,yes,217,67de5fc8362f9d15ab677d05,"My experience with the Q&A is really good as i have learned many things, it helps me understand and presenting data driven information and the text summary of the chart was very clear and understandable.",3,3,3,"[""Black or African American""]","[""NVDA""]",,,2025-09-05T10:36:47.397Z,4,3,3,4,Yes,Yes
Yes,"[""Blind""]",25 to 34,2,"It was fine, but some sections it said the chart was unavailible so",4,4,4,4,3,Yes,No,2025-09-05T19:46:32.457Z,Ice cream,"Not sure about the cost, but Nigeria is the lowest paid wages",It catagroizes different relationships between the charictars,The question cannot be answered because the X access isn't labeled,tally_chart.png,parallel_coordinates_plot.png,non_ribbon_chord_diagram.png,stacked_bar_graph.png,"Associate degree (for example, AA, AS)",4,1,3,4,I agree,Yes,231,6774630907f0abb2253c5a05,"It was fine, but I would say that the voice should be sped up just slightly, because when a TTS voice is to slow, it introduces weird sample problems",4,1,4,"[""White""]","[""VoiceOver (macOS/iOS)""]","What is the graph about,What do the nodes convey about the characters",What was the total rent expense displayed in February,2025-09-05T19:34:36.299Z,4,4,4,4,Yes,Maybe
Yes,"[""Low-vision""]",18 to 24,4,The chart summarizer provided atleast good summarization. Some of the summarization was not clear enough,3,2,1,1,3,Yes,"Yes, I attended a work shop",2025-09-06T21:43:09.697Z,Richest people,"Zucchini, Feta and lemon Pasta",Duluth,2009,circle_packing.png,venn_diagram.png,density_plot.png,dot_map.png,"Bachelor's degree (for example, BA, BS)",1,1,1,4,I agree,Yes,256,67458d30882b7993b554543d,"In general, the Q&A feature I could not communicate properly with the Q&A feature. Although it seemed quite helpful",2,3,2,"[""Black or African American""]","[""Narrator (Windows)""]",,,2025-09-06T21:07:24.696Z,1,2,1,3,Yes,Yes
Yes,"[""Low-vision""]",25 to 34,4,I didnt see anything see any but with the help of screen reader narritor(windows) i  heared how the numbers of the charts are like.,3,3,2,2,3,Yes,"yes, i have completed severals from training including excel fundamental for data analysis, and data foundation(AWS) academy",2025-09-06T22:41:50.048Z,1.28 times,5%,10,12 to 52,radial_bar_chart.png,marimekko_chart.png,treemap.png,violin_plot.png,"Doctoral degree (for example, PhD, EdD)",3,2,2,3,I agree,yes,258,67d127361e372345da2a9149,"i found the Q & A feature very help and easy to use ,it allows me to get quick answers to  my questions without much effort",3,2,3,"[""Black or African American""]","[""Narrator (Windows)"",""TalkBack (Android)""]",,,2025-09-06T21:37:07.417Z,3,2,2,3,Yes,Yes
Yes,"[""Low-vision""]",25 to 34,3,my overall experience with the chart summarizer is that the chart summarizer is definetly interesting and a great tool and very helpfull to use,2,4,1,3,4,Yes,no or N/A,2025-09-06T23:19:36.610Z,vegetables,60%,15,chinese,pie_chart.png,population_pyramid.png,tree_diagram.png,sunburst_diagram.jpg,"Doctoral degree (for example, PhD, EdD)",4,2,3,3,i agree,yes,265,66cec53bdc37b68c08c86c51,"my experience with the Q&A feature is that, it has everything you need to know or understand but you have to look for everything very carefully to get what you are looking for",4,3,3,"[""White""]","[""Narrator (Windows)"",""Dolphin ScreenReader"",""TalkBack (Android)"",""JAWS"",""VoiceOver (macOS/iOS)""]",,,2025-09-06T22:48:12.363Z,3,2,2,1,Yes,Maybe
Yes,"[""Low-vision"",""ADHD (Attention-Deficit/Hyperactivity Disorder)"",""ASD (Autism Spectrum Disorder)""]",25 to 34,4,I think the chart summarizer is very helpful in understanding the most important information quickly. It summarizes  the key findings of the chart so that one can easily understand it.,4,4,3,3,3,Yes,No,2025-09-07T18:37:49.089Z,"The big blue bubble filled with smaller bubbles shows where the world's largest amount of rich people live, in this Case the US.",Three unique Ingredients are shared between at least two of the recipes.,Duluth shows the highest density peak which means a concentration of power yields,The data for U.S. Public Libraries  is from 2009,circle_packing.png,venn_diagram.png,density_plot.png,dot_map.png,"Master's degree (for example, MA, MS, MBA)",3,4,3,4,"
I agree",Yes ,308,656dfef713b8d414bd002040,I found the Q&A feature to be quite helpful and intuitive. It allowed me to easily get answers to specific questions about the data presented quickly and I found it to be concise and responsive and think it gave me the correct answers.,4,4,4,"[""White""]","[""JAWS""]",,,2025-09-07T17:45:44.021Z,4,3,3,3,Yes,Yes
Yes,"[""Low-vision""]",55 to 64,3,"The chart summarizer was very clear and helpful in conveying the key information from each chart. It made interpreting complex data more accessible and less overwhelming, especially with blurred visuals. However, some summaries could benefit from slightly more detail to improve clarity further.",4,4,4,4,4,Yes,"Yes — I have taken coursework in data interpretation and statistics, which included training in reading and analyzing charts, graphs, and data visualizations.",2025-09-07T18:41:01.849Z,7,Episode V,Approximately 5,"No, Total leisure' time is not equal to the sum of 'Seeing friends', 'TV & Radio', and 'Other leisure' activities. The difference is that Total leisure includes additional activities beyond those three categories.",histogram.jpg,arc_diagram.png,line_graph.png,timetable.png,"Bachelor's degree (for example, BA, BS)",4,4,4,4,I agree ,Yes,312,67caef1c20cd519bfabedda9,"The Q&A feature was a useful addition that allowed me to clarify specific points about the charts. It worked well overall, but occasionally the shortcut was a bit tricky to activate consistently, which could disrupt the flow. Improving shortcut reliability would enhance the experience.",1,1,3,"[""Asian""]","[""JAWS"",""TalkBack (Android)""]",,,2025-09-07T18:27:25.160Z,4,4,4,4,Yes,Maybe
Yes,"[""ADHD (Attention-Deficit/Hyperactivity Disorder)"",""Low-vision""]",25 to 34,4,In some parts it was really easy to understand interpret and then in some parts it was really hard.,3,4,1,4,1,Yes,No,2025-09-07T18:43:36.898Z,Duluth and these yield values represent overlapping density plots in six different sites.,2025,The number of wealthiest individuals in a country.,9,density_plot.png,dot_map.png,circle_packing.png,venn_diagram.png,"Bachelor's degree (for example, BA, BS)",4,1,4,1,I agree,Yes,317,6788da2a096d1243e779a70a,"The Q&A feature was really helpful in helping me with more information in some parts that were not clear enough, provided by the summary.",1,4,4,"[""Black or African American""]","[""TalkBack (Android)"",""JAWS""]",,,2025-09-07T18:26:10.642Z,4,1,4,1,Yes,Yes
Yes,"[""Low-vision""]",25 to 34,3,It provides limited information. I would consider using it if's accuracy is improved.,2,4,3,3,4,Yes,I did a module i varsity,2025-09-07T18:47:58.346Z,44%,3,12 000,March,dot_matrix_chart.jpg,pictogram_chart.png,bullet_graph.png,gantt_chart.jpg,"Bachelor's degree (for example, BA, BS)",4,1,2,4,I agree,yes,322,61031f137855ff378d67c2fc,it's quite helpful. It provides more information or it explains better,4,1,3,"[""Black or African American""]","[""JAWS"",""Dolphin ScreenReader"",""TalkBack (Android)"",""Narrator (Windows)""]",,,2025-09-07T18:24:42.330Z,4,2,2,4,Yes,Maybe
Yes,"[""SPD (Sensory Processing Disorder)""]",25 to 34,4,The chart summarizer gave an idea of the contents. It did not give enough details to answer questions accurately.,2,1,1,3,1,Yes,"From School course work
",2025-09-07T18:50:04.887Z,10%,Food and Agricultural Organization,Group E,7,stacked_area_chart.png,chloropleth_map.jpg,proportional_area_chart.png,brainstorm.png,"Master's degree (for example, MA, MS, MBA)",1,1,2,1,I agree,Yes,323,66a7af39796ea115d89dca18,the prompt to ask questions came up when I pressed the keys. The responses did not come after the questions were asked.,1,1,1,"[""Black or African American""]","[""Narrator (Windows)""]",,,2025-09-07T18:24:29.995Z,2,3,3,3,Yes,No
Yes,"[""Low-vision""]",25 to 34,3,"Both the summary and the chart were  helpful. Although I could answer the questions by only using one source, I could fall back on the other one in case I needed more information or a deeper understanding.",4,3,3,4,3,Yes,None,2025-09-07T18:52:44.700Z,Yes,England,Yes,Blue,illustration_diagram.png,sankey_diagram.png,error_bars.png,network_diagram.png,"Bachelor's degree (for example, BA, BS)",4,4,4,4,I agree,Yes,329,66d7095ab1d3e9fc57d0ed98,The Q&A feature was very helpful when I needed help understanding the chart. I am also not good with countries/geography and Q&A cleared it up for me.,4,3,4,"[""Black or African American""]","[""Narrator (Windows)""]",,,2025-09-07T18:35:10.960Z,3,3,4,4,Yes,Yes
Yes,"[""Low-vision""]",55 to 64,4,"The chart summary was very clear and helpful. 
It clearly highlighted the key numbers. 
It helped to answer with confidence ",3,3,3,3,3,Yes,No,2025-09-07T18:53:30.460Z,29-5,"Peabody Energy is a privately held coal company, i think it falls under the ""Investor owned"" 
",Vegetables ,4.2,tree_diagram.png,sunburst_diagram.jpg,pie_chart.png,population_pyramid.png,"Master's degree (for example, MA, MS, MBA)",3,3,3,3,I agree,Yes,330,68238de3a3ba8b99fef9b7ca,"It made it simple to see the key details. 
The answers were accurate. 
It gave me a better understanding .",3,3,3,"[""Black or African American""]","[""Dolphin ScreenReader"",""NVDA"",""JAWS""]",,,2025-09-07T18:34:28.560Z,3,3,3,3,Yes,Yes
Yes,"[""Low-vision""]",18 to 24,4,"my experience with the chart summarizer was quit positive as it taught me something new, also, it is important 
for better understanding of the data",3,3,3,3,4,Yes,workshops,2025-09-07T18:58:45.335Z,2,-8,1977,1969,calendar.png,point_and_figure_chart.png,flow_map.png,timeline.jpg,"Master's degree (for example, MA, MS, MBA)",2,3,3,4,I agree,Yes,334,67af30076947c47af4af18d8,"Q&A feature experience was also good however, it was hard for me to understand",1,2,3,"[""Black or African American""]","[""NVDA"",""JAWS"",""VoiceOver (macOS/iOS)"",""Narrator (Windows)""]",,,2025-09-07T18:28:56.603Z,2,2,2,3,Yes,Maybe
Yes,"[""Low-vision"",""ADHD (Attention-Deficit/Hyperactivity Disorder)""]",25 to 34,3,"The chart summarizer was clear, concise, and easy to understand. It highlighted the main points without overwhelming detail, which made it very useful for quickly interpreting complex visuals. I felt confident relying on the summaries as a strong guide to the charts.

",4,4,4,4,4,Yes,no,2025-09-07T18:59:20.049Z,11%,6,Third-Class Males,Yes,donut_chart.png,stem_and_leaf_plot.jpg,parallel_sets.png,word_cloud.jpg,"Master's degree (for example, MA, MS, MBA)",3,2,3,3,I agree,Yes,334,67d548fa5d8f6873fccfca3a,". The Q&A feature was very helpful because it allowed me to clarify details that the summary alone didn’t provide. It added an interactive element that made interpreting the charts more reliable and accurate. I would definitely use this feature again to deepen my understanding.
",4,4,4,"[""Black or African American""]","[""NVDA"",""JAWS"",""Narrator (Windows)""]",,,2025-09-07T18:24:51.088Z,4,4,4,3,Yes,Yes
Yes,"[""Low-vision"",""ADHD (Attention-Deficit/Hyperactivity Disorder)""]",25 to 34,3,"The chart summarizer was clear, concise, and easy to understand. It highlighted the main points without overwhelming detail, which made it very useful for quickly interpreting complex visuals. I felt confident relying on the summaries as a strong guide to the charts.

",4,4,4,4,4,Yes,no,2025-09-07T18:59:19.173Z,11%,6,Third-Class Males,Yes,donut_chart.png,stem_and_leaf_plot.jpg,parallel_sets.png,word_cloud.jpg,"Master's degree (for example, MA, MS, MBA)",3,2,3,3,I agree,Yes,334,67d548fa5d8f6873fccfca3a,". The Q&A feature was very helpful because it allowed me to clarify details that the summary alone didn’t provide. It added an interactive element that made interpreting the charts more reliable and accurate. I would definitely use this feature again to deepen my understanding.
",4,4,4,"[""Black or African American""]","[""NVDA"",""JAWS"",""Narrator (Windows)""]",,,2025-09-07T18:24:51.088Z,4,4,4,3,Yes,Yes
Yes,"[""ADHD (Attention-Deficit/Hyperactivity Disorder)""]",25 to 34,3,it was a great experience. it could easily help me interpret the charts. it easen my work in navigating through the charts.,4,1,3,3,4,Yes,no,2025-09-07T19:03:31.939Z,"i  can't clearly get the actual sales for caffe mocha in the chart,",march,44,there are 6 oranges and 3 apples.- indicating oranges are most popular than apples.,bullet_graph.png,gantt_chart.jpg,dot_matrix_chart.jpg,pictogram_chart.png,"Bachelor's degree (for example, BA, BS)",1,3,3,3,i agree,yes,337,664e326b5579c6f6ca3fd1ff,it was a great feature. it greatly helped  me to recap on what was on the chart. it helps me to gauge my understanding of the chart.,1,3,4,"[""Black or African American""]","[""NVDA""]",,,2025-09-07T18:27:46.241Z,2,4,4,3,Yes,Yes
Yes,"[""Low-vision""]",25 to 34,3,"The chart summarizer provided clear and concise descriptions that made interpreting various types of charts much easier, especially for someone relying on audio. It helped highlight key trends and differences without overwhelming detail, which I appreciated. Some summaries could benefit from slightly more context or examples to enhance understanding.",4,3,4,4,4,Yes,"Yes — I have taken coursework in data interpretation and statistics, which included training in reading and analyzing charts, graphs, and data visualizations.",2025-09-07T19:02:32.759Z,Approximately 700 million tons,"The number of deaths from Disease in February was significantly higher by approximately [specific number if known], compared to the total deaths from Wounds in October.",Approximately 12,"Yes, it is advisable to dump them by text in this case.",spiral_plot.jpg,radial_column_chart.png,bar_chart.png,flow_chart.jpg,"Bachelor's degree (for example, BA, BS)",4,3,4,4,I agree,yes,337,67dbfd5c13f69f693d27d691,"The Q&A feature was a valuable tool for clarifying points and asking specific questions about the charts. While it generally worked well, I found the keyboard shortcut a bit tricky to use at times, which could interrupt the flow. Improving its responsiveness would make the feature more seamless and user-friendly.",1,1,3,"[""Asian""]","[""JAWS""]",,,2025-09-07T18:44:21.174Z,4,4,4,4,Yes,Maybe
Yes,"[""SLD (Specific Learning Disorder - dyslexia, dyscalculia, dysgraphia, and/or dyspraxia)"",""ADHD (Attention-Deficit/Hyperactivity Disorder)""]",25 to 34,3,It does miss a few details and it also does not give appropriate words but it works effectively. It does not provide exact numbers so its hard to make a clear analysis.,3,2,2,4,1,Yes,ITS mainly from the stats module in university which i was a part of for atleast 2 years,2025-09-07T19:06:39.444Z,Purdue mens team had a 24-4 win loss record before the tournament began,Nation states,VEGETABLES,4 percent,tree_diagram.png,sunburst_diagram.jpg,pie_chart.png,population_pyramid.png,"Bachelor's degree (for example, BA, BS)",1,1,4,1,I agree,yes,341,611cdcbb1152bad5b9abdc92,The q and a feature was very easy to understand and it made things clearer on what it is that i needed to understand therefore it was fun to know what i had missed or what it is that i was suppose to pay attention to.,3,1,3,"[""Black or African American""]","[""Narrator (Windows)""]",,,2025-09-07T18:24:04.437Z,1,1,4,1,Yes,Maybe
Yes,"[""Low-vision""]",25 to 34,3,It really makes me understand the world,3,3,3,3,3,Yes,No,2025-09-07T19:23:32.618Z,1500BCE,2021,4,430.4 points,flow_map.png,timeline.jpg,calendar.png,point_and_figure_chart.png,"Master's degree (for example, MA, MS, MBA)",3,3,3,3,I agree,Yes,342,665cc0ef4fa57fdf6f53ab2d,it was very good experience,3,3,3,"[""Black or African American""]","[""NVDA"",""JAWS"",""VoiceOver (macOS/iOS)"",""Narrator (Windows)""]",,,2025-09-07T19:10:21.292Z,3,3,3,3,Yes,Yes
Yes,"[""Low-vision""]",25 to 34,4,It was easy to understand. The charts were very clear,4,4,4,4,4,Yes,Yes participated in Coursework classes,2025-09-07T19:34:32.033Z,76-59,Investor owned,Vegetables ,85+,tree_diagram.png,sunburst_diagram.jpg,pie_chart.png,population_pyramid.png,"Bachelor's degree (for example, BA, BS)",4,2,4,4,I agree,Yes,342,610c3dca3aa9f75d7057307d,Good,4,2,3,"[""Black or African American""]","[""JAWS""]",,,2025-09-07T18:58:21.561Z,4,4,4,4,Yes,Yes
Yes,"[""Low-vision""]",25 to 34,3,It really makes me understand the world,3,3,3,3,3,Yes,No,2025-09-07T19:23:32.613Z,1500BCE,2021,4,430.4 points,flow_map.png,timeline.jpg,calendar.png,point_and_figure_chart.png,"Master's degree (for example, MA, MS, MBA)",3,3,3,3,I agree,Yes,342,665cc0ef4fa57fdf6f53ab2d,it was very good experience,3,3,3,"[""Black or African American""]","[""NVDA"",""JAWS"",""VoiceOver (macOS/iOS)"",""Narrator (Windows)""]",,,2025-09-07T19:10:21.292Z,3,3,3,3,Yes,Yes
Yes,"[""Low-vision""]",25 to 34,2,the chart summarizer was not of good use. the summary helped to answer some questions . the chart was not readed by the narate .,1,2,3,3,4,Yes,i did computer science  at univesity ,2025-09-07T19:33:28.344Z,1.8,yes,74,5%,treemap.png,violin_plot.png,radial_bar_chart.png,marimekko_chart.png,"Bachelor's degree (for example, BA, BS)",2,3,3,3,I agree,yes,342,66bd001bdff5991cf61b905e,the answer was not available most of the questions. it was on available once but did not proved answers .,1,2,3,"[""Black or African American""]","[""Narrator (Windows)""]",,,2025-09-07T18:53:08.540Z,1,3,2,3,Yes,Maybe
Yes,"[""ADHD (Attention-Deficit/Hyperactivity Disorder)"",""Low-vision""]",18 to 24,3,"It was interesting  and it made me realize technology is here to help us move forward because the summarizer made things very easy for me, quicker than if i was doing it myself. I will surely use it more.",4,4,2,3,4,Yes,No,2025-09-07T19:31:05.957Z,Young males,Three times,Idaho,No,multiset_bar_chart.jpg,nightingale_rose_chart.png,bubble_map.png,connection_map.png,"Bachelor's degree (for example, BA, BS)",4,1,3,4,I agree,Yes,342,60d5a860b6472cfdc1885684,It felt like i had an assistant who did the work for me and briefed me on everything. It was an amazing experience which i am sure will change a lot of lives and make work easier for some.,4,3,4,"[""Black or African American""]","[""Narrator (Windows)""]","Sorry I could not hear your question.,Based on the chat's visual representation, I could not hear your question.,Which state indicates an even greater percentage? Please try again. Which state indicates an even greater percentage increase?",Is AI? Sorry I could not hear your question. Please try again. Is AI Quantum in Libya designated as a main migration hub according to the chat.,2025-09-07T19:00:28.770Z,4,2,3,4,Yes,Yes
Yes,"[""ADHD (Attention-Deficit/Hyperactivity Disorder)"",""Low-vision"",""SLD (Specific Learning Disorder - dyslexia, dyscalculia, dysgraphia, and/or dyspraxia)""]",35 to 44,4,"It opens your mind
It needs you to put more attention to it
It is not hard to understand ",4,4,4,4,3,Yes,"Workshops -it covers  building data literacy programs,scaling data culture and  driving data",2025-09-07T19:35:05.427Z,100%,Choropleth map,Group E,6,stacked_area_chart.png,chloropleth_map.jpg,proportional_area_chart.png,brainstorm.png,"Doctoral degree (for example, PhD, EdD)",4,4,4,4,I agree,Yes,342,67ff743c31d72095f14687e3,"It was simple
It is general Q&A",4,4,3,"[""Black or African American""]","[""Narrator (Windows)""]",,,2025-09-07T19:04:02.961Z,4,4,3,3,Yes,Yes
Yes,"[""ADHD (Attention-Deficit/Hyperactivity Disorder)"",""Low-vision""]",25 to 34,3,"The chart summarizer was clear, providing numerical information, making it easy to visualize the charts.
This could be better if deeper analysis had been provided.",4,4,4,4,4,Yes,No,2025-09-07T19:14:36.811Z,0,There are no numeric values listed at the very of the title line after traditional,"$27,100.00-$26,980.00=$120
therefore, the range is 120",$456,heatmap.png,kagi_chart.png,candlestick_chart.png,area_graph.png,"Bachelor's degree (for example, BA, BS)",4,4,4,4,I agree,yes,342,6743278eba3a6dfeeeb53b00,"the features were complicated, and it could be improved by allowing longer idle times.",1,4,4,"[""Black or African American""]","[""Narrator (Windows)""]",This is a pretty graph for me.,"Describe how the distribution dash.,Describe how your distribution charts is looking like in a physical manner.",2025-09-07T18:30:40.199Z,3,4,4,4,Yes,Yes
Yes,"[""Low-vision"",""ADHD (Attention-Deficit/Hyperactivity Disorder)""]",18 to 24,3,"It was a good survey to do it was very easy to interpret the chart, but. Slightly difficult to understand the summary  cause the reader was reading it different,.",3,2,3,4,3,Yes,No,2025-09-07T19:17:02.116Z,44,5,65000,March,dot_matrix_chart.jpg,pictogram_chart.png,bullet_graph.png,gantt_chart.jpg,"Bachelor's degree (for example, BA, BS)",4,2,2,2,I agree,Yes,342,666f0fb7d9900bb03f5d99a1,"It was very easy to understand cause it was straight forward questions , I didn't have to think a lot it was about listening and answering.",4,2,4,"[""Black or African American""]","[""TalkBack (Android)""]",,,2025-09-07T19:04:23.211Z,3,3,4,4,Yes,Yes
Yes,"[""Low-vision""]",25 to 34,4,"1. The chart summarizer saves time.
2. I find it to be a valuable tool that is very useful.",3,4,4,4,4,Yes,No,2025-09-07T19:36:58.374Z,I can't see what is written on the picture ,I can't see the chart,2,8.00,flow_map.png,timeline.jpg,calendar.png,point_and_figure_chart.png,"Professional degree (for example, MD, JD, PharmD)",1,1,4,4,I agree,Yes,343,67dab725b93f66976ef0bdfb,"1. This tool helped me analyse and find info faster without having to dig through so much and manually so.
2. It is great and useful as it is straightforward and handy.",1,1,4,"[""Black or African American""]","[""Narrator (Windows)"",""JAWS"",""NVDA"",""VoiceOver (macOS/iOS)""]","please ask your question,I'm listening","I'm listening,I'm listening",2025-09-07T18:40:23.959Z,4,1,4,4,Yes,Yes
Yes,"[""Low-vision""]",35 to 44,3,The chart summarize makes everything easy for me to understand. It is very clear because it picks even the smallest details. It's  the best.,3,2,3,4,4,Yes,Yes I attend with the society for the blind  where the teach us,2025-09-07T20:37:33.491Z,Yes,The Indo- European language tree,Yes,Internal UK,error_bars.png,network_diagram.png,illustration_diagram.png,sankey_diagram.png,"Doctoral degree (for example, PhD, EdD)",2,3,2,4,I agree,Yes,350,674d99171387dca1d58cb882,The questions were easy to understand.  They were straight to the point. ,2,4,3,"[""Black or African American""]","[""NVDA"",""JAWS"",""TalkBack (Android)""]",,,2025-09-07T20:21:27.878Z,2,3,4,4,Yes,Yes
Yes,"[""Low-vision""]",25 to 34,4,chart summarize is very helpful i can rely on it and everyone can understand the data it saves times i can go through text fasted,4,4,3,4,4,Yes,workshops,2025-09-08T16:13:57.122Z,44%,5,"$11,000",march,dot_matrix_chart.jpg,pictogram_chart.png,bullet_graph.png,gantt_chart.jpg,"Bachelor's degree (for example, BA, BS)",3,4,4,2,i agree,yes,370,66cf524e6b2a5e244325a533,it very helpful as well if you do not see clear as a low vision person i can ask questions,4,4,4,"[""Black or African American""]","[""TalkBack (Android)"",""Narrator (Windows)""]",,,2025-09-08T15:51:17.186Z,4,1,4,2,Yes,Yes
