filename,3D_EFFECTS,ANIMATIONS,BIASED_TITLE,DECEPTIVE_LABELS,DUAL_Y_AXES,FIGSIZE_TOO_SMALL,FONTSIZE_TOO_SMALL,INSUFFICIENT_COLOR_CONTRAST,INVERTED_Y_AXIS,MISLEADING_ANNOTATIONS,MISSING_LEGEND,MISSING_TITLE,MISSING_XLABEL,MISSING_YLABEL,NON_SEQUENTIAL_AXIS,TAMPERED_ASPECT_RATIO,TRUNCATED_Y_AXIS,question,baseline_summary,optimized_summary
radar_chart.png,0,0,0,0,0,0,0,0,0,0,0,0,0,0,0,0,0,Which gymnast received the highest score for Landing?,"A radar chart titled ""Gymnast Scoring Radar Chart"" compares three gymnasts across categories like Execution, Landing, Style, Creativity, and Difficulty. It shows Gymnast 3 scores highest in Landing and Difficulty, Gymnast 2 excels in Execution, and Gymnast 1 leads in Style, highlighting distinct strengths and weaknesses for each.","A Radar chart titled ""Gymnast Scoring Radar Chart"" compares Gymnast 1 (red), Gymnast 2 (blue), and Gymnast 3 (green) across five categories: Difficulty, Execution, Landing, Style, and Creativity, with scores ranging from 0 (center) to 10 (outermost). Gymnast 3 demonstrates the strongest overall performance, achieving a perfect 10 in Landing and an 8 in Difficulty, with a low of 2 in Style. Gymnast 1 excels in Style with approximately 9.5 but scores lowest in Execution at around 1.5, while Gymnast 2 peaks at 8.5 in Execution and has a low score of 1.5 in Difficulty."
bubble_chart.png,0,0,1,0,0,0,0,0,0,0,0,0,0,0,0,0,1,"Based on the chart, does the average technology salary in the SF Bay Area appear to be more than double that of Montreal?","A bubble chart titled ""Technology Markets In North America"" compares various cities by average technology salary and job growth, with bubble size indicating the total number of tech jobs. It shows the SF Bay Area has the highest salaries and market size, while Toronto demonstrates the fastest job growth at significantly lower average salaries, representing a growing, cost-effective market.","A bubble chart titled ""Technology Markets In North America"" plots Average Technology Salary against Growth in Technology Jobs (2012-2017) for various cities, with bubble size indicating total tech jobs and color showing market category. The SF Bay Area, a ""High Growth & Cost"" market, shows the highest salaries near $135,000 and is the largest market. Toronto, a ""High Growth Low Cost"" market, exhibits the fastest growth at over 50% with lower average salaries around $85,000, confirming its status as the fastest growing with lower wage costs. Boston represents the lowest growth market at approximately -5%, categorized as ""Low Growth High Cost."""
stream_graph.png,0,0,0,0,0,0,0,0,0,0,0,0,1,1,0,0,0,"What were the total US music sales, in billions of dollars, in 2013?","A stacked area chart titled ""US music sales by format (inflation-adjusted)"" shows the evolution of music sales from 1973 to 2018, with Compact Discs holding the highest overall sales but peaking around 2000, while streaming has rapidly grown to become the dominant format by 2018, marking a clear shift from physical to digital consumption.","A stacked area chart titled ""US music sales by format (inflation-adjusted)"" illustrates US music sales in billions of USD from 1973 to 2018, with years on the X-axis and total sales on the Y-axis (each interval representing $1 billion). Compact Disc sales, totaling $295 billion, dominated from the early 1990s, peaking around 2000 before a sharp decline. Early formats like 8-Track ($23B), Vinyl ($103B), and Cassette ($102B) primarily show sales in the earlier decades and then decline. Download sales ($29B) emerged around 2003 and peaked mid-2010s, but by 2018, Streaming ($27B) became the dominant and growing format, marking a significant shift from physical to digital consumption."
open_high_low_close_chart.png,0,0,0,0,0,0,0,0,0,0,1,1,0,0,0,0,1,"On how many days did the price finish higher than it started, based on the colors used in the chart?","A price chart shows daily price movements from late August to early September 2007. Prices generally trend upwards, with the lowest point around 506 on August 28th and the highest point around 527 on September 4th, which saw a significant price jump.","An OHLC chart shows price movements with 'Price' on the Y-axis and 'Day' on the X-axis, ranging from August 28 to September 4, 2007. The chart displays daily open, high, low, and close prices, with dark blue bars indicating a price drop for the day and light blue bars showing a price increase. The lowest price observed was approximately 506.00 on August 28, while the highest peak was around 528.00 on September 4. Overall, the price demonstrates an upward trend, notably with a significant increase on September 4 from an opening around 515.00 to a closing of 525.00, representing the largest daily price range and a substantial jump."
circle_packing.png,0,0,0,0,0,0,1,0,0,0,1,0,0,0,0,0,0,What do the distinct colors used for the large country bubbles signify about the groupings of the countries presented?,"A circle pack visualization titled ""100 Richest People, According to Forbes"" shows that the United States accounts for the largest share of the world's wealthiest individuals, represented by a big blue circle filled with many smaller bubbles. Other countries like India, China, France, and Germany are also well-represented, though generally with fewer individuals among the top 100, while many countries have only a few or one individual.","A nested bubble chart titled ""100 Richest People, According to Forbes"" displays the distribution of the wealthiest individuals by country. Each large, colored bubble represents a country, with its size indicating the number of billionaires it contributes to the list, and the smaller nested bubbles represent individual billionaires, their sizes reflecting their relative wealth. The United States is prominently the largest bubble, signifying it has the highest concentration of billionaires among the top 100. Other countries such as India, China, Germany, and France also contain multiple billionaires, while countries like Chile, Italy, and Singapore show fewer."
venn_diagram.png,1,0,0,0,0,0,0,0,0,0,0,1,0,0,0,0,0,"How many unique ingredients are shared between at least two of the recipes?","A Venn diagram showing ingredients for 'Cauliflower, Paneer & Lentil Salad', 'Zucchini, Feta & Lemon Pasta', and 'Herb-Marinated Seared Tofu' illustrates the unique and shared components for these three recipes. It highlights how staples like olive oil, salt, and pepper are common across all dishes, while other ingredients are specific to one or two.","A Venn Diagram illustrates ingredients for three dishes: Cauliflower, Paneer & Lentil Salad; Zucchini, Feta & Lemon Pasta; and Herb-Marinated Seared Tofu. Pepper, Olive Oil, and Salt are shared across all three dishes. Feta is common to the two salads, while the Lentil Salad and Herb-Marinated Tofu share Cilantro, Scallions, Tofu, Chile, and Lime. The Pasta and Herb-Marinated Tofu share Capers, Oregano, Shallots, and Parsley; unique ingredients for each dish are also shown."
density_plot.png,0,0,0,0,0,0,0,0,0,0,0,1,0,0,0,0,0,"According to the chart, which site most frequently experiences a yield of approximately 30 units, and what specific units do these 'yield' values represent?","A set of overlapping density plots shows the distribution of yield across six different sites. Duluth has the highest density peak for lower yields, around 30, while Waseca generally shows the highest yields, peaking around 50 and extending to the highest overall values observed.","A density plot shows the distribution of 'yield' across six different 'site' locations: Grand Rapids, Duluth, University Farm, Morris, Crookston, and Waseca, where 'density' is on the y-axis. Duluth exhibits the highest density peak, reaching approximately 0.08 at a yield of 30, indicating a concentration of lower yields. Conversely, Waseca shows the highest yield values, with its distribution extending past 60, peaking around 45-50. Overall, sites like Grand Rapids and Duluth are skewed towards lower yields, while Morris, Crookston, and Waseca demonstrate a shift towards higher yield distributions."
dot_map.png,0,0,0,0,0,0,1,0,0,0,0,0,0,0,0,0,0,"What year is the data for U.S. Public Libraries from, according to the source provided in the chart?","A geographic point map titled ""U.S. Public Libraries"" shows the distribution of public libraries across the United States. Libraries are highly concentrated along the East Coast, in the Great Lakes region, and coastal California, with significantly fewer found in the less populated Mountain West and Great Plains.","A dot map titled ""U.S. Public Libraries"" shows the geographical distribution of public libraries across the United States, with each red dot representing a public library based on 2009 data. The map reveals a significantly higher density of libraries in the Eastern U.S., particularly the Northeast, and in other urbanized and coastal regions such as California and the Midwest. Conversely, the Mountain West and less populated interior regions exhibit a sparser distribution, indicating that public libraries are primarily concentrated in more densely populated areas."
bar_chart.png,0,0,0,0,0,0,0,0,0,0,1,0,0,0,0,0,0,"What is the count of female preferences for Vanilla flavor?","A grouped bar chart titled 'Flavor Preferences by Gender' reveals that females show a strong preference for chocolate, which is the highest count, while males distinctly prefer vanilla. Strawberry is the least popular flavor overall, with similar counts for both genders.","A grouped bar chart titled ""Flavor Preferences by Gender"" shows the count of preferences for Chocolate, Strawberry, and Vanilla flavors, separated by Female (pink) and Male (blue) genders. Females exhibit a peak preference for Chocolate at approximately 37 counts, while males predominantly prefer Vanilla, with about 32 counts. Vanilla is the least popular flavor for females (around 12 counts), and Strawberry is the least popular for males (around 18 counts). Overall, strawberry preferences are nearly equal between genders, whereas there is a clear gender-based preference for Chocolate (females) and Vanilla (males)."
flow_chart.jpg,0,0,0,0,0,0,1,1,0,0,0,0,0,0,0,0,0,"According to the chart, if you haven't hung out with the person more than three times, have gone on a real date, but did not go to the bone zone, is it advisable to dump them by text?","A flowchart titled ""CAN I DUMP THIS PERSON BY TEXT?"" shows a humorous decision-making guide, leading through a series of yes/no questions about a relationship to determine if breaking up via text message is ""Text OK"" or ""Text not OK."" Many paths lead to ""Text OK,"" suggesting it's often acceptable, but certain situations like having gone on a real date or having a close connection result in ""Text not OK.""","A flowchart titled ""CAN I DUMP THIS PERSON BY TEXT?"" guides users through a series of questions to determine if breaking up via text message is acceptable. The process begins by asking ""Did you hang out more than three times?"" and then branches based on ""YES"" or ""NO"" answers to subsequent questions. Outcomes are clearly labeled ""Text OK"" (blue bubble) or ""Text not OK"" (dark blue bubble). Key insights suggest that texting is generally acceptable for casual relationships or when logistical barriers exist, such as the other person already seeing someone new, being in a coma, or if one party is transferring. Conversely, a text breakup is often deemed ""not OK"" for more serious relationships, if the person isn't awful, or if continued in-person interaction is expected."
spiral_plot.jpg,1,0,0,0,0,0,0,0,0,0,0,0,0,1,0,0,0,"Based on the chart, what was the approximate total US coal production in 1976?","A spiral bar chart titled ""US Coal Production"" shows US coal production from 1973 to 1978. The bars generally get longer as the years spiral outwards, indicating an overall increase in production over this period, with the lowest production in the earlier years and the highest in the later years.","A spiral bar chart titled ""US Coal Production"" displays monthly coal production from 1973 to 1978, with each ring representing a year and segments representing months. Production shows seasonal fluctuations within each year, typically increasing towards the middle and then decreasing. Overall, production generally increased from 1973 to its peak in 1976, which consistently shows the highest monthly output. A sharp and sustained drop in production occurred mid-year in 1978, representing the lowest values in the dataset and indicating a significant anomaly."
radial_column_chart.png,0,0,0,0,0,0,0,0,0,0,0,0,0,1,0,0,0,"Based on the chart, how many more deaths from Disease occurred in February compared to the total deaths from Wounds in October?","A radial chart titled ""Diagram of the Causes of Mortality in the Army in the East"" shows that disease was the overwhelming cause of death, especially from January to March, while deaths from wounds and other causes were consistently much lower throughout the year.","A polar area diagram titled ""Diagram of the Causes of Mortality in the Army in the East"" shows monthly mortality categorized as Disease, Other, and Wounds, with months arranged clockwise from December. Disease, represented in orange, is the overwhelming cause of death, peaking significantly from January to April, with February showing the highest incidence. Mortality from wounds (blue) and other causes (grey) is consistently much lower in comparison. Overall mortality is lowest from August to November, but disease remains the dominant factor, clearly demonstrating its disproportionate impact, especially in winter and early spring."
tree_diagram.png,0,0,0,0,0,0,1,0,0,0,0,0,0,0,0,0,0,"According to the chart, what was the win-loss record of the '1 Purdue' team before the Men's tournament began?","A pair of tournament brackets titled ""Women's Bracket"" and ""Men's Bracket"" illustrate the progression and scores of teams through a basketball championship. In the women's tournament, LSU defeated Iowa 102-85 in the final, while in the men's tournament, Connecticut won the championship against South Dakota State with a score of 76-59.","A tournament bracket titled ""Women's Bracket"" and ""Men's Bracket"" shows the progression of teams through elimination rounds, from Round of 64 to the Final, with scores for each game. In the Women's Bracket, the 3 seed LSU defeated the 2 seed Iowa 102-85 in the final, after the 1 seed South Carolina was eliminated in the Final Four. The Men's Bracket shows the 4 seed Connecticut triumphing over the 5 seed S.D. State 76-59 in the final, with notable deep runs by lower-seeded teams like 9 seed Florida Atlantic reaching the Final Four and 15 seed Princeton making it to the Sweet Sixteen."
sunburst_diagram.jpg,0,0,1,0,0,0,1,0,0,0,0,0,0,0,0,0,0,"Considering the segment for 'Peabody Energy', in which of the main ownership categories from ('Investor owned', 'Nation states', or 'State owned') is it located?","A sunburst chart titled ""Which companies caused global warming?"" illustrates that a significant portion of global CO2e emissions comes from the ""Top 90 Producers."" These producers are mainly split into investor-owned, nation-states, and state-owned entities, with large individual contributors like ChevronTexaco, ExxonMobil, Former USSR, Saudi Aramco, and Gazprom standing out.","A sunburst chart titled ""Which companies caused global warming?"" shows that the ""Top 90 Producers"" are responsible for 914.26 Gt CO2e, accounting for 63.04% of total emissions since 1750. This is categorized into ""Investor owned"" (e.g., ChevronTexaco, ExxonMobil, BP), ""Nation states"" (e.g., Former USSR, China), and ""State owned"" entities (e.g., Saudi Aramco, Gazprom). The chart highlights that a concentrated number of large companies and nation-states are responsible for the majority of historical carbon emissions, with many smaller contributors identified generically as ""Fuel & cement."""
pie_chart.png,1,0,0,0,0,0,0,0,0,0,0,0,0,0,0,0,0,Which food group is recommended in a greater percentage: Vegetables or Dairy?,"A 3D pie chart titled ""Recommended Diet"" shows the breakdown of a balanced diet. Protein makes up the largest portion at 30%, while Fruit and Vegetables are also major components, and 'Other' is the smallest category at 5%.","A pie chart titled ""Recommended Diet"" shows the distribution of recommended food groups. Protein is the largest recommended portion at 30%, followed by Fruit at 23%, and Vegetables at 18%. Dairy accounts for 15%, Grains for 9%, and 'Other' is the smallest portion at 5%."
population_pyramid.png,0,0,0,0,0,0,0,0,0,0,0,0,0,0,0,0,0,What percentage of the world's male population was aged 0-4 in 2020?,"A population pyramid titled ""World (2020)"" illustrates that the youngest age groups (0-4 years) have the highest percentage of both males and females globally, while the oldest group (85+) has the lowest, forming a clear pyramid shape that shows a relatively young population overall.","A population pyramid titled ""World (2020)"" shows the age and gender distribution of the global population. The Y-axis represents age groups from 0-4 to 85+, while the X-axis displays the percentage of the population for Male (blue, left) and Female (green, right). Peak percentages are in the 0-4 age group, approximately 4.2% for males and 4.0% for females, with proportions decreasing steadily for both genders in older age groups, falling below 0.5% in the 85+ category. This wide-based pyramid shape indicates a relatively young and growing population, with females representing a larger percentage than males in the older age brackets, suggesting higher female longevity."
illustration_diagram.png,1,0,0,0,0,0,0,0,0,0,0,1,0,0,0,0,0,"Considering the visual prominence in this three-dimensional illustration, does all water returning to the ocean from the land flow exclusively through the clearly visible surface stream?",N/A,"A diagram illustrates the Earth's water cycle. It shows water evaporating from the ocean, labeled ""Evaporation,"" rising into clouds under a sunny sky. These clouds then release precipitation, labeled ""Rain & Snow,"" over mountains and land, with one cloud indicating rain and another snow. The water flows as surface runoff in a river and as groundwater, indicated by arrows, eventually returning to the ocean, completing the continuous cycle."
sankey_diagram.png,0,0,0,0,0,0,0,0,0,0,0,0,0,0,0,0,0,Which country received the largest number of migrants from Wales in the year ending June 2015?,"A Sankey diagram titled 'Migration between the countries of the UK, Year ending June 2015' visually represents migration flows, showing England as the dominant origin and destination for movement, with the largest exchanges occurring between England, Wales, and Scotland, while Northern Ireland experiences the smallest overall migration volumes.","A Sankey Diagram titled 'Migration between the countries of the UK, Year ending June 2015' displays the volume of people migrating between Wales, Scotland, Northern Ireland, and England. England is both the largest origin and destination for internal UK migration, indicated by its wider bars on both sides. The most significant migration flow is from Wales to England, followed by flows from England to Scotland and Wales. Conversely, Northern Ireland shows the smallest migration volumes, with minimal flows to and from other UK countries."
error_bars.png,0,0,0,0,0,0,0,0,0,0,0,1,1,0,0,0,0,Does the chart indicate that anxiety levels consistently decrease by at least 1 unit after 30 minutes for all observed conditions?,"A bar chart shows mean anxiety levels across different conditions: with and without a dog, at baseline and after 30 minutes. It indicates that anxiety is highest at baseline with a dog, and overall, anxiety noticeably decreases after 30 minutes, especially when a dog is present, reaching its lowest point in that condition.","A bar chart shows mean anxiety on the y-axis, ranging from 0 to 8, across four conditions on the x-axis. In the 'No Dog' group, mean anxiety decreases slightly from approximately 6.0 at Baseline to 5.1 after 30 minutes. In the 'Dog' group, anxiety significantly drops from its peak of approximately 6.7 at Baseline to a low of about 3.6 after 30 minutes. This indicates a more substantial reduction in anxiety when a dog is present, compared to when no dog is present."
network_diagram.png,0,0,0,0,0,0,1,0,0,0,1,0,0,0,0,0,0,"Based on the visualization, which single color consistently indicates the oldest language families throughout the entire tree?","A force-directed network graph titled ""The Indo-European Language Tree"" shows the historical relationships and branching evolution of languages from a central Proto Indo-European origin. It reveals how major language families like Germanic, Slavic, and Indic have branched out over time into many modern languages such as Dutch, Russian, and Hindi, illustrating their deep linguistic connections.","A force-directed network graph titled ""The Indo-European Language Tree"" illustrates the evolutionary relationships among various Indo-European languages. It shows language families branching from the central and largest node, ""Proto Indo-European,"" representing the common ancestor. Major branches include Germanic, Celtic, Italic (leading to languages like Latin, French, Portuguese), Indo-Iranian (leading to Hindi, Persian), and Balto-Slavic (leading to Russian, Polish). The visualization demonstrates the divergence of languages from ancient roots to modern forms, with different colors distinguishing major language family groups such as Italic (orange), Celtic (green), Germanic (dark gray), and Indo-Iranian (yellow)."
non_ribbon_chord_diagram.png,0,0,0,0,0,0,1,0,0,0,1,0,0,0,0,0,0,"What specific information does the varying size of the nodes, such as the noticeable difference between 'Marius' and 'Jondrette', convey about these characters?","A circular network diagram titled ""Les Misérables"" shows characters arranged in colored groups around a circle, with lines illustrating their relationships. Prominent characters like Marius and Marguerite appear as large nodes with many connections, while smaller nodes represent those with fewer links, forming an overall pattern of interconnected groups.","A circular network graph titled ""Les Misérables"" visualizes character relationships within the novel. Nodes, representing characters, are arranged circularly, with their size indicating prominence and lines connecting them signifying interactions or co-occurrence. Marius, Marguerite, and characters like Bossuet and Grantaire appear as the largest nodes, suggesting their central roles. Characters are grouped by color (e.g., teal for the Friends of the ABC including Enjolras, purple for characters connected to Thénardier and Cosette), with dense clusters of lines around key figures indicating high connectivity."
stacked_bar_graph.png,0,0,0,0,0,0,0,0,0,0,0,0,1,1,0,0,0,"Given the chart displays expenses from January to April, what was the total 'Rent' expense recorded in February?","A stacked bar chart titled ""Expenses by Month"" illustrates that while Rent is a consistently large expense across four months, total spending fluctuates, peaking in the third month due to higher costs for food and utilities.","A stacked bar chart titled ""Expenses by Month"" displays total expenses in dollars on the Y-axis across four unlabeled months on the X-axis, broken down into Utilities, Rent, Food, and Gasoline. Rent consistently accounts for approximately $500, and Gasoline for about $50 each month. Total expenses range from a low of around $920 in the first month to a peak of $1,130 in the third month. This peak is largely driven by Food expenses, which jump to approximately $340 in the third month, compared to roughly $150 in the other months, while Utilities show a slight increase from about $220 to $270 over the period."
tally_chart.png,0,0,0,0,0,0,0,0,0,0,0,1,0,0,0,0,0,"Based on the tally marks presented, which food item is purchased in the highest quantity?","A tally chart shows the counts for different food items. Ice-cream is the most popular with 27 tallies, while Fried Rice is the least popular with 13 tallies, indicating varied preferences.","A tally chart shows the frequency of various food items. The chart lists six food items: Burger (18 tallies), Cake (20 tallies), Patties (13 tallies), Ice-cream (24 tallies), French fries (14 tallies), and Fried Rice (11 tallies). Ice-cream is the most popular item with 24 tallies, while Fried Rice is the least popular with 11 tallies."
parallel_coordinates_plot.png,0,0,1,0,0,0,0,1,0,0,0,0,0,1,0,0,0,"Based on the chart, approximately what is the hourly wage for a Carpenter, bricklayer in South Africa (USD in 2012)?","A parallel coordinates plot titled ""Labor costs in Nigeria are generally among the lowest"" compares hourly construction wages for various job roles across several countries in 2012. It clearly shows that Nigeria (Lagos) consistently has the lowest wages across all roles, from Site Foreman to General Labourer, while countries like UAE and Vietnam typically show much higher pay.","A parallel coordinate plot titled ""Labor costs in Nigeria are generally among the lowest"" displays hourly wage levels in the construction sector (USD in 2012) for seven countries across five job roles: Site Foreman, Plumber/Electrician, Carpenter/Bricklayer, Tiler/Plasterer, and General Labourer. Nigeria (Lagos) consistently shows the second-lowest wages, generally just above India, which has the lowest wages across all roles, for example, $1.7 for Site Foreman and $0.4 for General Labourer. In contrast, Vietnam generally has the highest wages, peaking at $28 for Site Foreman and decreasing to $6 for General Labourer. Most countries, including Nigeria, show a general downward trend in wages from higher-skilled (Site Foreman) to lower-skilled (General Labourer) positions."
multiset_bar_chart.jpg,0,0,0,0,0,1,1,0,0,0,0,0,1,1,0,0,0,"Ignoring the specific units on the y-axis, which demographic group shows the most significant overall preference for any single milk drink flavor?","A clustered bar chart titled ""Favorite Milk Drink Flavor"" shows the preferences of young males, young females, and senior citizens across three milk drink flavors. Vanilla is the most popular flavor overall, especially among young males, while senior citizens generally show lower preferences for all flavors compared to younger groups.","A grouped bar chart titled 'FAVORITE MILK DRINK FLAVOR' displays preference levels, ranging from 0 to 700 on the y-axis, for chocolate, vanilla, and strawberry milk drinks across young males, young females, and senior citizens. Young males show the peak preference for vanilla at approximately 510, with their lowest preference for strawberry at 260. Young females prefer vanilla at around 450 and chocolate at 410, while senior citizens show a more even but generally lower distribution of preferences, with vanilla at 300 and chocolate at 250."
nightingale_rose_chart.png,0,0,0,0,0,0,1,0,0,0,0,0,0,1,0,0,0,Approximately how many times greater was the total mortality in March 1855 compared to July 1854?,"A polar area diagram titled ""Diagram of the Causes of Mortality in the Army in the East, April 1854 to March 1855"" shows that preventable causes (light blue) were overwhelmingly the highest cause of death, especially from November through March, greatly outweighing deaths from wounds (pink) and other causes (grey).","A Nightingale Rose chart, titled ""DIAGRAM OF THE CAUSES OF MORTALITY IN THE ARMY IN THE EAST"" for April 1854 to March 1855, displays monthly deaths categorized by cause. Each radial segment represents a month, with its length indicating total mortality, composed of Preventable (light blue), Wounds (pink), and Other (grey) causes. Preventable deaths consistently form the vast majority, peaking significantly in January and February 1855, with total mortality lowest in April and May 1854. Wounds account for a small fraction of deaths overall, with a noticeable peak in October 1854, but preventable causes overwhelmingly dominate, particularly during winter."
bubble_map.png,0,0,0,0,0,0,1,0,0,0,1,0,0,0,0,0,0,"Florida's gasoline prices increased by 22.43% from February to July 2022. Based on the chart's visual representation of color, which state indicates an even greater percentage increase?","A bubble map titled 'Gasoline Prices in United States in July 2022' shows gas prices across the US, where circle size indicates the July price and color shows how much prices changed from February. California had the highest July prices, while states like Idaho and Utah saw the biggest price jumps, with the smallest increases generally found in the Northeast and Southeast.","A bubble map titled 'Gasoline Prices in United States in July 2022' displays gas prices across states, where bubble size indicates the July price and color represents the percentage change from February 2022. Dark red signifies the largest percentage increases, while dark green represents smaller increases, with larger bubbles indicating higher absolute prices. Idaho and Utah show the highest percentage increases, while California and Hawaii exhibit high absolute prices (large dark green bubbles) but with comparatively smaller percentage changes from February. All visible states experienced an increase in gasoline prices, with Western mountain states generally seeing the most significant percentage jumps."
connection_map.png,0,0,0,0,0,0,1,0,0,0,0,0,0,0,0,0,0,Is Al Qatrun in Libya designated as a main migration hub according to the chart?,"A network map titled ""The network"" illustrates major migration routes across Africa, the Middle East, and into Europe, with prominent hubs like Agadez in Niger and Nairobi in Kenya showing a high concentration of routes, particularly along the Central and East African paths.","A network map titled ""The network"" illustrates major and minor migration routes across Africa, the Middle East, and Europe, categorized by region (West Africa, Western, Central, Eastern Mediterranean, East Africa, and Other). The map identifies main migration hubs with white circles, such as Agadez (Niger) and Istanbul (Turkey), and other route cities with black dots, with route thickness indicating major or minor status. Key trends include prominent Central Mediterranean routes (blue) originating from Agadez, Niger, through Libya, and significant Eastern Mediterranean routes (green) from Turkey connecting to European destinations. The East Africa route (red) also shows substantial activity from Nairobi, Kenya, towards Sudan and Egypt, highlighting multiple complex, interconnected corridors of human movement."
line_graph.png,0,0,1,0,0,0,1,0,0,0,0,0,1,1,0,0,1,"Given the chart's title, 'The Global Decline of Manufacturing', what was the approximate decrease in Germany's manufacturing indicator from 1980 to 2020?","A line chart titled ""The Global Decline of Manufacturing"" shows a general downward trend in manufacturing for several countries from 1980 to 2020. China began with the highest manufacturing activity around 40 in 1980, while most nations, including Germany and the US, saw a decline, with the United Kingdom ending lowest around 9 by 2020.","A line chart titled ""The Global Decline of Manufacturing"" displays manufacturing shares from 1980 to 2020 for China, United Kingdom, Japan, India, United States, and Germany. China consistently holds the highest share, declining from 40 in 1980 to approximately 27 in 2020, while the United Kingdom experiences the steepest decline from 24.5 to a low of about 9 in 2020. Most countries show a decreasing trend; however, India's share remains relatively flat, with a slight peak around 2010 before declining to about 14, and Japan's share also slightly increases after 2000."
timetable.png,0,0,0,0,0,0,1,1,0,0,1,0,0,0,0,0,0,"In China, is the 'Total leisure' time equal to the sum of 'Seeing friends', 'TV & Radio', and 'Other leisure' activities, and what is the difference?","A detailed table titled ""How do people spend their time?"" breaks down average daily minutes spent on activities like paid work, sleep, and leisure across many countries. It shows that China works the most (315 minutes), Italy the least (149 minutes), and leisure time varies widely, from Norway's high of 369 minutes to Mexico's low of 172 minutes.","A segmented bar chart titled ""How do people spend their time?"" shows the average minutes per day allocated to various activities for people aged 15-64 across different countries. Countries are listed on the left, with categories like Paid work, Sleep, Other unpaid work, Personal care, Eating & drinking, and Leisure segmented horizontally. China dedicates the most time to Paid work (315 mins) and Sleep (9 hours 2 mins), while Italy spends the least on Paid work (149 mins). Conversely, Mexico has the lowest Total leisure (172 mins), and Norway the highest (369 mins), highlighting significant national differences in daily time use."
histogram.jpg,0,0,0,0,0,0,0,0,0,0,0,0,0,0,0,0,0,How many students scored between 50 and 60 in Mathematics?,"A histogram titled ""Scores obtained in Mathematics"" shows that the most common scores were between 50 and 70, with 7 students in each of those two ranges, while the fewest students, 2, scored between 90 and 100. Overall, the scores are largely concentrated in the middle-to-lower ranges, with fewer students achieving very high scores.","A histogram titled ""Scores obtained in Mathematics"" displays the number of students across different score ranges. The X-axis indicates ""Scores"" from 40 to 100, and the Y-axis represents the ""Number of Students."" The peak frequency is 7 students, occurring in both the 50-60 and 60-70 score ranges, while the lowest frequency is 2 students for scores 90-100. The data shows a strong concentration of students scoring between 50 and 70, with fewer students in the 70-80 range and the highest score range of 90-100."
arc_diagram.png,0,0,0,0,0,0,1,0,0,0,0,0,0,0,0,0,0,"According to the chart, in which episode does Luke predominantly use the word 'going'?","A Star Wars: Character Dialogues arc diagram visualizes character interactions and dialogue distribution across Episodes IV, V, and VI. It clearly shows Luke, Han, and Leia have the most significant dialogues and connections, with Episode V (teal) being a particularly prominent episode for character exchanges.","A Star Wars: Character Dialogues Arc-diagram shows the interactions and dialogue distribution of characters across Episodes IV (teal), V (lime green), and VI (dark gray). Characters like HAN, LEIA, LUKE, and VADER are arranged horizontally, with semi-circular charts above them depicting their total dialogue volume and episode distribution. The thickness of the arcs connecting characters indicates the frequency of their dialogues, with Luke, Han, and Leia showing the most significant interactions, especially in Episode V. Below each character, stacked bar charts detail specific word usage, highlighting how words like 'father' for Luke are concentrated in particular episodes."
stacked_area_chart.png,0,0,0,0,0,0,1,0,0,0,0,0,1,1,0,0,0,"For the cosmetic item 'Lipstick', at approximately what percentage on the vertical axis does the EU region's sales contribution end?","A 100% stacked area chart titled ""Regional ratio of cosmetic products sales"" illustrates how the market share for different cosmetic products is distributed across USA, China, EU, and Africa. Overall, the USA and China account for the largest sales portions, often holding the majority combined share, while the EU and Africa contribute smaller, more fluctuating percentages across products like lipstick and mascara.","A stacked area chart titled ""Regional ratio of cosmetic products sales"" shows the percentage distribution of sales for various cosmetic products across USA, China, EU, and Africa. The X-axis lists cosmetic products, and the Y-axis represents the percentage from 0% to 100%. China consistently holds the largest sales share across most products, peaking at approximately 45% for Foundation and 40% for Lipstick. USA, EU, and Africa's shares are more varied, with USA showing a higher share for Mascara and Africa for Nail Polish and Mascara. A key insight is the pronounced dip in EU and Africa's share for Lip gloss, while China maintains a relatively high share for this product."
chloropleth_map.jpg,0,0,0,0,0,0,1,0,0,0,0,0,0,0,0,0,0,What is the full name of the United Nations division credited as the source for the data presented on this map?,"A choropleth map titled ""Percentage of Country's Population Living in Urban Areas, 2016"" shows the level of urbanization across the globe. It reveals that countries in North and South America, Western Europe, and Australia tend to have very high urban populations (dark red), while many African and some Asian countries show lower percentages (lighter orange).","A choropleth map titled ""Percentage of Country's Population Living in Urban Areas, 2016"" displays global urbanization rates using a color scale from light orange (0%) to dark red (100%), with gray indicating no data. Highly urbanized areas (dark red, near 100%) include North and South America, Western Europe, and Australia. In contrast, many countries in Central Africa and parts of South Asia show lower urbanization rates (light orange, closer to 0%). This indicates a general trend of higher urbanization in more developed regions."
proportional_area_chart.png,0,0,0,0,0,0,0,0,0,0,0,1,0,0,0,0,0,"Which group displays the most significant overall percentage decrease from time 1 to time 7?","A 100% stacked area chart displays the changing percentage composition of several groups (D, G, B, F, A, C, E) over time. Group E, starting as the largest, fluctuates significantly, while Group A shows a steady increase in its share towards the end, demonstrating how proportions dynamically shift.","A stacked area chart displays the percentage contribution of groups D, G, B, F, A, C, and E over time, with 'time' on the X-axis and 'percentage' on the Y-axis. The total percentage across all groups sums to 1.00 at each time point. Group E, starting at approximately 0.25 at time 1, shows a low of about 0.15 at time 2 and time 6, while Group A generally increases its share across the period. Groups D and G exhibit more fluctuating trends, with D peaking around time 3 and time 6, and G dipping at time 4 before recovering. The overall composition shifts significantly, indicating dynamic changes in the relative proportions of each group over time."
brainstorm.png,0,0,0,0,0,0,0,0,0,0,0,0,0,0,0,0,0,"What is the maximum number of colors recommended for the project, according to the 'Colours' branch of the mind map?",N/A,"A mind map titled Project Ideas shows a central concept branching into six main categories: Audience, Size, Style, Colours, Love, and Keywords. Each category expands into related sub-ideas, such as 'Audience' detailing 'Age' (Children, Adults, Seniors), 'Income', and 'Religion'. The 'Style' category offers extensive branches including 'Retro', 'Detailed', 'Patterns', and 'Social Media' considerations. This visualization outlines a comprehensive ideation process, detailing various aspects of project development from target demographics to aesthetic choices, without presenting numerical data or trends."
dot_matrix_chart.jpg,0,0,0,0,0,1,1,1,0,0,1,1,1,1,0,0,0,"According to the chart, what is the combined percentage of all respondents who reported that [redacted text] is their favorite 'Always or Often' and are in the 'All' category?","A pictogram titled ""Percentage of who responded that:"" illustrates survey responses split by internet usage and eligibility. It highlights that those who used the internet for a task generally gave higher ""Always or Often"" ratings, peaking at 44% for the ""not eligible"" group, compared to those who did not use the internet.","A grouped icon array displays the percentage of respondents based on their internet usage and eligibility status. The data is segmented into ""All"", ""eligible for [redacted]"", and ""not eligible for [redacted]"" groups, further divided by whether they ""Used internet to [redacted]"" or ""Did not use internet to [redacted]"" for a specific task. Responses are categorized as ""Always or Often"" or ""Sometimes or Never"" regarding something being their favorite.

The highest percentage is 44% for those ""not eligible for [redacted]"" who ""Used internet to [redacted]"" and responded ""Always or Often"". Conversely, among internet users, the lowest percentage is 15% for the ""not eligible for [redacted]"" group who responded ""Sometimes or Never"". This highlights that individuals ""not eligible for [redacted]"" who used the internet for the specified task are significantly more likely to report positive sentiment compared to other groups."
pictogram_chart.png,0,0,0,0,0,0,0,0,0,0,0,0,1,1,0,0,1,"What is the difference in reported preferences between oranges and apples?","A picture chart titled ""Favourite fruits"" shows the popularity of various fruits, with oranges being the most popular at 5, and grapes the least popular with only 1. Overall, oranges are the clear favorite, followed by bananas, apples, and then grapes.","A pictograph titled ""Favourite fruits"" shows the count of various fruits on the vertical axis, ranging from 1 to 10, against specific fruit types on the horizontal axis: Oranges, Grapes, Bananas, and Apples. The data indicates 6 Oranges, 1 bunch of Grapes, 5 Bananas, and 3 Apples. Oranges are the most popular fruit with 6 items, while Grapes are the least popular with only 1 item."
bullet_graph.png,0,0,0,0,0,0,0,0,0,0,1,0,0,1,0,0,0,What were the actual sales for 'Caffe Mocha'?,"A horizontal bar chart titled 'Actual and Budget Sales per Product' compares how actual sales (colored bars) for each product stack up against their budget targets (black vertical lines). Colombian sales were the highest and significantly exceeded their budget, while several products like Caffe Latte and Green Tea didn't quite meet their targets, showing a mixed performance across the board.","A horizontal bar chart titled 'Actual and Budget Sales per Product' displays sales for thirteen products, with the Y-axis listing product names and the X-axis showing Sales in thousands of dollars. Blue or orange bars represent Actual Sales, while black vertical ticks mark Budget Sales. The Colombian product shows the highest actual sales at approximately $65,000 against a budget of $60,000, significantly outperforming others. Regular Espresso has the lowest actual sales at about $11,000, falling slightly below its $12,000 budget, while Green Tea has the lowest budget at $12,500 with actual sales of $14,000. Overall, most products exceeded their budget, with Regular Espresso being the only one that fell short."
gantt_chart.jpg,0,0,0,0,0,0,0,0,0,0,0,1,0,0,1,0,0,"According to the timeline displayed, which month immediately follows April?","A Gantt chart displays 14 project tasks over a year-long timeline, from April to next March. The project progresses from initial strategy and research to marketing, financial planning, and ultimately applying for funding, with tasks like ""2nd Stage Marketing"" being the longest and ""Apply for Funding"" among the shortest.","A Gantt chart shows 14 project tasks by ID and name on the vertical axis, with their durations displayed as blue bars along a horizontal timeline spanning from an initial April to the following March. Dependencies between tasks are indicated by arrows, and the timeline months are labeled with an unusual sequence starting 'Apr | Mar | Jun | Jul...'. Longest tasks include '2nd Stage Marketing including LVMC' (July-December) and 'Investigate Sources of Funding' (September-February), while 'Company Incorporation' (April) and 'Apply for Funding' (March) are among the shortest, detailing the project's sequence and timing."
scatterplot.jpg,0,0,0,0,0,0,0,0,0,0,0,0,0,0,0,0,0,How many visitors were there on the day when the average daily temperature was 84°F?,"A scatter plot titled 'Beach Visitors' shows that as the average daily temperature increases from around 82°F to 96°F, the number of beach visitors generally rises, ranging from a low of about 100 to a high of around 600.","A scatter plot titled ""Beach Visitors"" shows the relationship between Average Daily Temperature (°F) on the x-axis and Visitors on the y-axis. There is a general positive correlation, with beach visitors tending to increase as the average daily temperature rises. The visitor count ranges from a low of approximately 100 at 82°F to a peak of 600 visitors at 94°F. An anomaly exists at 87°F, showing only approximately 125 visitors, which is significantly lower than other points at similar or even lower temperatures."
chord_diagram.jpg,0,0,0,0,0,0,0,1,0,0,0,0,0,0,1,0,0,"What are Germany's total exports, according to the chart?","A Chord Diagram titled ""World's Top Export Countries (2019)"" shows the intricate network of trade between major global economies. The United States, China, and Germany appear to have the largest export volumes, with numerous crisscrossing lines illustrating their interconnected trade relationships.","A Chord Diagram titled ""World's Top Export Countries (2019)"" illustrates the bilateral export relationships among eleven major economies. The United States has the highest total exports at 734.5k, followed by Germany (688.4k) and China, P.R.: Mainland (500.0k), while the United Kingdom has the lowest at 238.8k. Major export flows are observed between the United States and China, and the United States and Germany, indicated by the thickest connecting chords. This visualization highlights significant two-way trade relationships among these top exporting nations, with the width of each chord representing the export value between a pair of countries."
span_chart.png,0,0,0,0,0,0,1,0,0,0,0,0,0,0,0,0,0,"According to the chart, what is the maximum reported CEO salary for a nonprofit in New York with an annual budget under $5 million?","A range bar chart titled ""As nonprofit budgets grow, so do CEO salaries"" illustrates that CEO salaries for nonprofits in New York and Washington, DC, consistently increase with the organization's budget size. The overall pattern shows salaries rising from around $110,000 for the smallest nonprofits to over $300,000 for the largest, with remarkably similar ranges between the two cities.","A horizontal range bar chart titled ""As nonprofit budgets grow, so do CEO salaries"" illustrates CEO salary ranges in thousands for New York (NY) and Washington, DC (DC), categorized by nonprofit annual budget. The X-axis displays CEO Salaries (Thousands), while the Y-axis lists five budget categories, from ""Under $5 million"" to ""Above $50 million."" A clear upward trend shows that as nonprofit budgets increase, CEO salaries also rise, with the lowest range starting at $110,000 (for both cities, under $5 million budgets) and the highest reaching $330,000 (NY, budgets above $50 million). A key insight is that CEO salaries and their growth are nearly identical across both New York and Washington, DC for all budget levels."
box_and_whisker_plot.png,0,0,0,0,0,0,0,0,0,0,0,1,0,0,0,0,0,"Based on the chart, which region generated the most profit from its service operations?","A box plot shows the distribution of Revenue across four regions: Bay Area, Central, Northern, and Southern. All regions have similar median revenues around $1.1 million, with the Southern region showing the widest range of revenue values, including both very low and high outliers.","A box plot shows Revenue on the Y-axis, ranging from 0 to 2.5 million, grouped by Region on the X-axis: Bay Area, Central, Northern, and Southern. Median revenues are clustered between 1 million and 1.15 million, with Northern having the highest median at approximately 1.15 million and Central the lowest at 1 million. All regions exhibit considerable revenue spread, with outliers both above 2 million and close to 0; Southern and Bay Area regions have the widest overall ranges including outliers, with Southern having the lowest non-outlier value around 50K and outliers up to 2.55M. Central region shows the tightest interquartile range, suggesting less variability in its middle 50% of revenue data compared to other regions."
flow_map.png,0,0,0,0,0,0,1,0,0,0,1,1,0,0,0,0,0,"According to the main disease origin labels on the chart, when was smallpox first documented?","A flow map shows the global spread and historical timeline of leprosy (blue), smallpox (red), and malaria (yellow) across continents, illustrating their ancient origins, extensive reach over millennia, and key milestones from early evidence and outbreaks to treatments and eradication efforts.","A thematic world map shows the historical and geographical spread of three diseases: Leprosy (red lines), Smallpox (blue lines), and Malaria (yellow shaded regions), with key events and dates marked across continents. Leprosy originated in East Africa around 40,000 BC, spreading globally and leading to ~19,000 leper colonies in Europe by c. 1200, with its last remaining colony in Romania in 2005. Smallpox, first recorded in Asia Minor in 1350 BC, spread worldwide and was eradicated by 1977, though two stocks are held in Atlanta and Siberia as of 2009. Malaria, with earliest evidence from 30,000,000 BC in the Dominican Republic, shows its ancient origins and ongoing impact, tragically claiming a child's life every thirty seconds in Africa as of 2009."
timeline.jpg,0,0,0,0,0,0,0,0,0,0,0,0,0,0,0,0,0,"In what year does the chart indicate the ""Moon landing"" occurred?","A timeline titled ""The milestones of space exploration"" shows significant achievements in space from the Sputnik launch in 1957 to the ""Moon to Mars"" initiative in 2021, illustrating a continuous progression of human and technological endeavors in space.","A timeline titled ""The milestones of space exploration"" presents 11 significant events from 1957 to 2021. The timeline begins in the upper left with the 1957 Sputnik launch, progressing chronologically to the right across the top row, detailing achievements like the 1969 Moon landing and 1981 Space Shuttle. The flow then wraps to the bottom right, with the 1990 Hubble telescope launch, and continues chronologically from right to left across the second row. This unique progression highlights events such as the 2008 Rise of SpaceX and concludes with the 2021 'Moon to Mars' goal."
calendar.png,0,0,0,0,0,0,1,0,0,0,0,0,0,0,0,0,0,"How many different classes are scheduled for Thursday, May 8th?","A calendar titled 'May 2014' displays daily schedules, showing a regular pattern of various classes from Monday to Friday. Weekends feature leisure activities like ""Short trips"" or ""Play badminton with John,"" and some specific days like May 8th and May 24th are highlighted for events such as a birthday and a costume party.",N/A
point_and_figure_chart.png,0,0,0,0,0,0,1,0,0,0,1,0,1,1,0,0,1,"What is the approximate total decrease in the ALL ORDINARIES [XAO] value from its peak around 20Dec01 to its lowest point around 04Dec02?","A Point and Figure chart titled 'ALL ORDINARIES [XAO]' illustrates price action, showing a high near 34.80, a significant drop to a low around 26.80, and then a strong upward recovery by May 2004.","A Point and Figure Chart titled 'ALL ORDINARIES [XAO]: Reversal 2 BoxSize 1 PriceOption ClosingPrice:07May2004 19:00' displays price movements from December 2001 to May 2004. The horizontal axis represents time, and the vertical axis shows price ranging from 26.80 to 34.80. The chart initially shows prices fluctuating around a peak of 34.40-34.80 in early 2002, followed by a significant downtrend to a low of approximately 26.80 by early 2003. Subsequently, prices experienced a strong uptrend, reaching a new peak near 34.40 by May 2004, almost recovering the earlier losses."
donut_chart.png,0,0,0,0,0,0,1,1,0,0,0,0,0,0,0,0,0,"Based on the chart, what percentage of personal accounting is spent on Clothes?","A donut chart titled ""Personal Accounting"" shows a breakdown of expenses, with Rent being the largest portion at 49% and Phone costs the lowest at 6%. Overall, housing is clearly the dominant expense, followed by food and utilities.","A donut chart titled ""PERSONAL ACCOUNTING"" shows the breakdown of personal expenses by category. Rent represents the peak expense at 49%, while Food is the second highest at 20%. Utilities, Leisure, and Clothes account for 9%, 8%, and 7% respectively. Phone expenses are the lowest at 6%. This indicates that Rent consumes nearly half of the personal budget, significantly outweighing all other categories."
stem_and_leaf_plot.jpg,0,0,0,0,0,0,0,1,0,0,0,0,0,0,0,0,0,How many departure times are designated specifically for Sunday/Holiday service according to this schedule?,"A train schedule titled ""Northbound: Othello -> Westlake/Downtown Seattle"" shows departure times, indicating significantly more frequent service on Monday through Friday, particularly during morning and afternoon hours, compared to much sparser service on Saturdays, Sundays, and holidays.","A timetable titled 'Northbound: Othello → Westlake/Downtown Seattle' shows train departure times, categorized by hour and day of the week. The ""Hour"" axis ranges from AM 4: through AM 3:, while columns distinguish ""Monday – Friday"" and ""Saturday/Sunday/Holiday"" services, with times given in minutes past the hour. Weekday service peaks with up to 7 departures per hour (e.g., 7 AM, 3 PM), while Saturday/Sunday/Holiday service is generally less frequent, often 4 departures per hour. However, late-night weekend service sees a boost, with up to 8 departures at 10 PM due to Saturday-only (red) and Sunday/Holiday-only (orange) trains. Services marked with a light blue background are ""to Mount Baker only,"" and no service is shown for 2 AM or 3 AM on any day."
parallel_sets.png,0,0,0,0,0,0,0,0,0,0,0,1,0,0,0,0,0,"Which of the following groups demonstrates the lowest proportion of survivors: First-Class Adults, Third-Class Males, or Crew Members?","A Sankey diagram shows the distribution and flow of people across Class, Age, Sex, and Survival status, with the widest flows indicating the largest groups. It clearly illustrates that a high proportion of males, especially adults and crew, did not survive, while a larger share of females did.","A Sankey diagram displays the flow of individuals across Class (First, Second, Third, Crew), Age (Child, Adult), Sex (Male, Female), and Survived (Yes, No) categories. It shows that Crew members were exclusively Adults, while other classes contained both Adults and Children. A dominant trend is that the vast majority of Males, particularly Adults, did not survive, representing the largest flow to 'No' in the Survived category. Conversely, a large portion of Females, across all age groups and classes, survived, highlighting a significant survival disparity by sex."
word_cloud.jpg,0,0,0,0,0,0,1,0,0,0,0,1,0,0,0,0,0,"Despite the chart's lack of a specific title, and the small font size of many terms, is the word 'curriculum' visible as a concept related to education?","A word cloud shows ""Knowledge"" as the largest word, clearly the main topic, with ""learning,"" ""education,"" and ""student"" also very prominent. The overall pattern reveals a strong focus on concepts related to acquiring and developing understanding, while many other specific terms appear much smaller.","A word cloud shows various terms related to ""Knowledge."" The central and largest word is ""Knowledge,"" indicating it is the primary theme. Other prominent words, such as ""learning,"" ""education,"" ""development,"" ""student,"" ""comprehension,"" ""proficiency,"" ""wisdom,"" ""value,"" and ""motivation,"" are also large, signifying their high relevance. Smaller words like ""dope,"" ""scoop,"" ""dogma,"" and ""dirt"" represent concepts with lower frequency or association. This visualization emphasizes the interconnected concepts and dimensions of knowledge."
candlestick_chart.png,0,0,0,0,0,0,1,1,0,0,0,0,0,0,0,0,1,"What is the total dollar range displayed on the Y-axis, from its lowest value to its highest value?","A candlestick chart titled ""Bitcoin Price by Minute"" shows how the Bitcoin price fluctuated over an hour. The price generally stayed between $26,980 and $27,040 for most of the period, with a low around $26,980, before experiencing a sharp rise to over $27,090 towards the end of the hour.","A candlestick chart titled ""Bitcoin Price by Minute"" shows Bitcoin price movements over time, with the X-axis representing time from 02:00 to 02:58 and the Y-axis showing price from $26,970.00 to $27,100.00. The price fluctuates significantly, reaching a low around $26,980.00 at 02:32. A notable upward trend begins around 02:48, culminating in a peak above $27,090.00 at approximately 02:52 before a slight pullback. For instance, at 02:47, the high price was $27,030.13 and the low was $27,013.05, indicating a period of price increase."
area_graph.png,0,0,0,0,0,0,1,0,0,0,0,0,0,0,0,0,0,What is the daily income value indicated by the poverty line on the chart?,"A stacked area chart titled ""Global Income Distribution 2011"" shows how yearly income is distributed across different regions. It highlights that large populations in India and Sub-Saharan Africa are in lower income brackets, China's population largely falls into middle incomes, and Developed Countries dominate the higher income ranges.","A stacked area distribution chart titled 'Global Income Distribution 2011' plots yearly income per person from $100 to $60,000 on a logarithmic X-axis, with the Y-axis representing regional and global population size. The overall distribution is bimodal: a large peak exists around $1,000-$2,000, heavily contributed by India and China, and a second peak is observed at the higher end, dominated by Developed Countries. A vertical poverty line at $456 (or $1.25/day) indicates that Sub-Saharan Africa, India, and Other Asia contribute significantly to the lowest income segment, highlighting substantial global income inequality."
heatmap.png,0,0,0,0,0,1,1,1,0,0,1,0,0,1,0,0,0,"What was the exact 'Count of Orders' for the month with the most orders in 2021?","A heatmap titled ""Sales, Profit and Orders per Month and Year"" displays monthly performance from 2018 to 2021. Overall, there's a general upward trend in orders and sales across the years, with activity typically increasing towards the end of the year, though profit figures show more fluctuation, including a loss in July 2018.","A highlight table titled ""Sales, Profit and Orders per Month and Year"" displays monthly data from 2018 to 2021 across three categories: Count of Orders, Profit, and Sales. Count of Orders and Sales generally show an upward trend across the years, with December 2021 recording the highest orders at 462 and November 2021 peaking in sales at $118,448. Profit is more volatile, reaching its highest at $16,243 in October 2020, but notably showing a loss of ($841) in July 2018 as an outlier. Generally, the latter months of the year (September-December) exhibit higher counts of orders and sales volumes."
kagi_chart.png,0,0,0,0,0,0,1,0,0,0,0,0,0,0,0,0,0,"According to the chart's main title, what is the numeric value listed at the very end of the title line after 'Traditional,' within the brackets?","A Kagi chart titled ""APPLE INC"" shows Apple's stock price generally rising from around $115 in early 2017 to a peak of about $155 in May, then experiencing a decline and leveling off around $145-$147 by mid-June.","A Kagi chart titled ""APPLE INC, 5, BATS, Kagi [close, Traditional, 1]"" displays the price movement of Apple Inc. stock over time, from late 2016 to mid-2017. The Y-axis represents price, ranging from approximately $115 to $157.50, with green lines indicating price increases and red lines showing decreases. The stock showed a strong uptrend from early 2017 to a peak of about $156-$157 in mid-May. Following this, it experienced a significant downtrend to a low of approximately $142.50 in early June before consolidating, with the current price at $146.29."
radial_bar_chart.png,0,0,0,0,0,0,0,0,0,0,0,0,0,0,0,0,1,"Based on the visual lengths of the colored segments, approximately how many times greater is the life expectancy for women in Europe compared to Africa?","A radial bar chart titled ""Life Expectancy of Women Around the World"" shows that women in Europe have the highest life expectancy at 82 years, while women in Africa have the lowest at 64 years, highlighting a notable 18-year difference across continents.","A radial bar chart titled ""LIFE EXPECTANCY OF WOMEN AROUND THE WORLD"" illustrates the average life expectancy for women across six continents. Europe shows the peak life expectancy at 82 years, followed by North America (81), Oceania (80), Latin America (79), and Asia (74), with Africa having the lowest at 64 years. This represents a decreasing trend in life expectancy across these continents. A key insight is that a woman born in Europe lives 18 years longer than a woman born in Africa."
marimekko_chart.png,0,0,0,0,0,0,1,1,0,0,0,0,0,0,0,0,0,What percentage of people with Black hair have green eyes?,"A stacked bar chart titled ""Hair and Eye Colors"" shows that brown hair is the most common hair color, and people with black and brown hair most frequently have brown eyes, while those with blonde hair overwhelmingly have blue eyes.","A Marimekko chart titled ""Hair and Eye Colors"" illustrates the prevalence of eye colors across different hair color groups, with the width of each hair color column reflecting its percentage of the total. Brown hair is the most common at 55%, while Red hair is the least at 10%. Brown eyes are most prevalent with Black (56%) and Brown (40%) hair, whereas Blue eyes dominate with Blonde hair (68%). Notably, Red hair displays a higher proportion of Green (18%) and Hazel (18%) eyes compared to other hair colors, while Green eyes are lowest with Black hair at 5%."
treemap.png,0,0,0,0,0,0,1,0,0,0,0,0,0,0,0,0,0,"According to the chart, what amount was allocated for COBRA coverage under Health care?","A treemap visualization details how a large sum of money was distributed, primarily showing that Individuals and families received $1.8 trillion, with stimulus checks being the largest component, and Businesses received $1.7 trillion, largely through the Paycheck Protection Program, indicating a strong focus on direct financial support across these sectors.","A treemap shows the breakdown of spending across five main categories: Individuals and families ($1.8 trillion), Businesses ($1.7 trillion), State and local aid ($745 billion), Health care ($482 billion), and Other ($288 billion). The largest single allocation is for Stimulus checks at $817 billion, found within the ""Individuals and families"" category. The smallest allocation is for Election security at $0.4 billion, under ""State and local aid."" Overall, spending is heavily concentrated on direct aid to individuals and support for businesses, which represent the two largest total allocations."
violin_plot.png,0,0,0,0,0,0,0,0,0,0,0,0,1,0,0,0,0,"Based solely on the chart, is it explicitly stated that the 'Baseline', 'Sub-acute Session', and 'Follow-up' values are sequential measurements over time?","A violin plot titled ""State Anxiety"" illustrates anxiety scores over three sessions. It shows that initial anxiety scores at Baseline were generally higher and more varied, reaching up to 70, but they decreased significantly by the Sub-acute Session and remained lower during the Follow-up, with most scores then falling below 50.","A violin plot with individual data points titled ""State Anxiety"" displays the distribution of scores (0-90) at Baseline, Sub-acute Session, and Follow-up. Baseline shows the highest and widest distribution of scores, ranging from approximately 12 to 68, with a peak density around 30-40. Scores significantly decrease by the Sub-acute Session, ranging from about 12 to 52, and remain low at Follow-up, ranging from 12 to 50, both peaking around 20-30. This indicates a notable reduction in state anxiety that is sustained over time, with less variability in scores during the later sessions."
